Time,Country_Name,Country_Code,dIncome_share_held_by_fourth_twenty,eIncome_share_held_by_highest_twenty,bIncome_share_held_by_second_twenty,aIncome_share_held_by_lowest_twenty,cIncome_share_held_by_third_twenty
1960,Angola,AGO,..,..,..,..,..
1960,Benin,BEN,..,..,..,..,..
1960,Botswana,BWA,..,..,..,..,..
1960,Burkina Faso,BFA,..,..,..,..,..
1960,Burundi,BDI,..,..,..,..,..
1960,Cameroon,CMR,..,..,..,..,..
1960,Central African Republic,CAF,..,..,..,..,..
1960,Chad,TCD,..,..,..,..,..
1960,Comoros,COM,..,..,..,..,..
1960,"Congo, Dem. Rep.",COD,..,..,..,..,..
1960,Cote d'Ivoire,CIV,..,..,..,..,..
1960,Djibouti,DJI,..,..,..,..,..
1960,Equatorial Guinea,GNQ,..,..,..,..,..
1960,Eritrea,ERI,..,..,..,..,..
1960,Ethiopia,ETH,..,..,..,..,..
1960,Gabon,GAB,..,..,..,..,..
1960,"Gambia, The",GMB,..,..,..,..,..
1960,Ghana,GHA,..,..,..,..,..
1960,Guinea,GIN,..,..,..,..,..
1960,Guinea-Bissau,GNB,..,..,..,..,..
1960,Kenya,KEN,..,..,..,..,..
1960,Lesotho,LSO,..,..,..,..,..
1960,Liberia,LBR,..,..,..,..,..
1960,Madagascar,MDG,..,..,..,..,..
1960,Malawi,MWI,..,..,..,..,..
1960,Mauritius,MUS,..,..,..,..,..
1960,Mauritania,MRT,..,..,..,..,..
1960,Mali,MLI,..,..,..,..,..
1960,Mozambique,MOZ,..,..,..,..,..
1960,Namibia,NAM,..,..,..,..,..
1960,Niger,NER,..,..,..,..,..
1960,Nigeria,NGA,..,..,..,..,..
1960,Rwanda,RWA,..,..,..,..,..
1960,Sao Tome and Principe,STP,..,..,..,..,..
1960,Senegal,SEN,..,..,..,..,..
1960,Seychelles,SYC,..,..,..,..,..
1960,Sierra Leone,SLE,..,..,..,..,..
1960,Somalia,SOM,..,..,..,..,..
1960,South Africa,ZAF,..,..,..,..,..
1960,South Sudan,SSD,..,..,..,..,..
1960,Swaziland,SWZ,..,..,..,..,..
1960,Tanzania,TZA,..,..,..,..,..
1960,Togo,TGO,..,..,..,..,..
1960,Uganda,UGA,..,..,..,..,..
1960,Zambia,ZMB,..,..,..,..,..
1960,Zimbabwe,ZWE,..,..,..,..,..
1961,Angola,AGO,..,..,..,..,..
1961,Benin,BEN,..,..,..,..,..
1961,Botswana,BWA,..,..,..,..,..
1961,Burkina Faso,BFA,..,..,..,..,..
1961,Burundi,BDI,..,..,..,..,..
1961,Cameroon,CMR,..,..,..,..,..
1961,Central African Republic,CAF,..,..,..,..,..
1961,Chad,TCD,..,..,..,..,..
1961,Comoros,COM,..,..,..,..,..
1961,Congo, Dem Rep,COD,..,..,..,..,..
1961,Cote d'Ivoire,CIV,..,..,..,..,..
1961,Djibouti,DJI,..,..,..,..,..
1961,Equatorial Guinea,GNQ,..,..,..,..,..
1961,Eritrea,ERI,..,..,..,..,..
1961,Ethiopia,ETH,..,..,..,..,..
1961,Gabon,GAB,..,..,..,..,..
1961,"Gambia, The",GMB,..,..,..,..,..
1961,Ghana,GHA,..,..,..,..,..
1961,Guinea,GIN,..,..,..,..,..
1961,Guinea-Bissau,GNB,..,..,..,..,..
1961,Kenya,KEN,..,..,..,..,..
1961,Lesotho,LSO,..,..,..,..,..
1961,Liberia,LBR,..,..,..,..,..
1961,Madagascar,MDG,..,..,..,..,..
1961,Malawi,MWI,..,..,..,..,..
1961,Mauritius,MUS,..,..,..,..,..
1961,Mauritania,MRT,..,..,..,..,..
1961,Mali,MLI,..,..,..,..,..
1961,Mozambique,MOZ,..,..,..,..,..
1961,Namibia,NAM,..,..,..,..,..
1961,Niger,NER,..,..,..,..,..
1961,Nigeria,NGA,..,..,..,..,..
1961,Rwanda,RWA,..,..,..,..,..
1961,Sao Tome and Principe,STP,..,..,..,..,..
1961,Senegal,SEN,..,..,..,..,..
1961,Seychelles,SYC,..,..,..,..,..
1961,Sierra Leone,SLE,..,..,..,..,..
1961,Somalia,SOM,..,..,..,..,..
1961,South Africa,ZAF,..,..,..,..,..
1961,South Sudan,SSD,..,..,..,..,..
1961,Swaziland,SWZ,..,..,..,..,..
1961,Tanzania,TZA,..,..,..,..,..
1961,Togo,TGO,..,..,..,..,..
1961,Uganda,UGA,..,..,..,..,..
1961,Zambia,ZMB,..,..,..,..,..
1961,Zimbabwe,ZWE,..,..,..,..,..
1962,Angola,AGO,..,..,..,..,..
1962,Benin,BEN,..,..,..,..,..
1962,Botswana,BWA,..,..,..,..,..
1962,Burkina Faso,BFA,..,..,..,..,..
1962,Burundi,BDI,..,..,..,..,..
1962,Cameroon,CMR,..,..,..,..,..
1962,Central African Republic,CAF,..,..,..,..,..
1962,Chad,TCD,..,..,..,..,..
1962,Comoros,COM,..,..,..,..,..
1962,"Congo, Dem. Rep.",COD,..,..,..,..,..
1962,Cote d'Ivoire,CIV,..,..,..,..,..
1962,Djibouti,DJI,..,..,..,..,..
1962,Equatorial Guinea,GNQ,..,..,..,..,..
1962,Eritrea,ERI,..,..,..,..,..
1962,Ethiopia,ETH,..,..,..,..,..
1962,Gabon,GAB,..,..,..,..,..
1962,"Gambia, The",GMB,..,..,..,..,..
1962,Ghana,GHA,..,..,..,..,..
1962,Guinea,GIN,..,..,..,..,..
1962,Guinea-Bissau,GNB,..,..,..,..,..
1962,Kenya,KEN,..,..,..,..,..
1962,Lesotho,LSO,..,..,..,..,..
1962,Liberia,LBR,..,..,..,..,..
1962,Madagascar,MDG,..,..,..,..,..
1962,Malawi,MWI,..,..,..,..,..
1962,Mauritius,MUS,..,..,..,..,..
1962,Mauritania,MRT,..,..,..,..,..
1962,Mali,MLI,..,..,..,..,..
1962,Mozambique,MOZ,..,..,..,..,..
1962,Namibia,NAM,..,..,..,..,..
1962,Niger,NER,..,..,..,..,..
1962,Nigeria,NGA,..,..,..,..,..
1962,Rwanda,RWA,..,..,..,..,..
1962,Sao Tome and Principe,STP,..,..,..,..,..
1962,Senegal,SEN,..,..,..,..,..
1962,Seychelles,SYC,..,..,..,..,..
1962,Sierra Leone,SLE,..,..,..,..,..
1962,Somalia,SOM,..,..,..,..,..
1962,South Africa,ZAF,..,..,..,..,..
1962,South Sudan,SSD,..,..,..,..,..
1962,Swaziland,SWZ,..,..,..,..,..
1962,Tanzania,TZA,..,..,..,..,..
1962,Togo,TGO,..,..,..,..,..
1962,Uganda,UGA,..,..,..,..,..
1962,Zambia,ZMB,..,..,..,..,..
1962,Zimbabwe,ZWE,..,..,..,..,..
1963,Angola,AGO,..,..,..,..,..
1963,Benin,BEN,..,..,..,..,..
1963,Botswana,BWA,..,..,..,..,..
1963,Burkina Faso,BFA,..,..,..,..,..
1963,Burundi,BDI,..,..,..,..,..
1963,Cameroon,CMR,..,..,..,..,..
1963,Central African Republic,CAF,..,..,..,..,..
1963,Chad,TCD,..,..,..,..,..
1963,Comoros,COM,..,..,..,..,..
1963,"Congo, Dem. Rep.",COD,..,..,..,..,..
1963,Cote d'Ivoire,CIV,..,..,..,..,..
1963,Djibouti,DJI,..,..,..,..,..
1963,Equatorial Guinea,GNQ,..,..,..,..,..
1963,Eritrea,ERI,..,..,..,..,..
1963,Ethiopia,ETH,..,..,..,..,..
1963,Gabon,GAB,..,..,..,..,..
1963,"Gambia, The",GMB,..,..,..,..,..
1963,Ghana,GHA,..,..,..,..,..
1963,Guinea,GIN,..,..,..,..,..
1963,Guinea-Bissau,GNB,..,..,..,..,..
1963,Kenya,KEN,..,..,..,..,..
1963,Lesotho,LSO,..,..,..,..,..
1963,Liberia,LBR,..,..,..,..,..
1963,Madagascar,MDG,..,..,..,..,..
1963,Malawi,MWI,..,..,..,..,..
1963,Mauritius,MUS,..,..,..,..,..
1963,Mauritania,MRT,..,..,..,..,..
1963,Mali,MLI,..,..,..,..,..
1963,Mozambique,MOZ,..,..,..,..,..
1963,Namibia,NAM,..,..,..,..,..
1963,Niger,NER,..,..,..,..,..
1963,Nigeria,NGA,..,..,..,..,..
1963,Rwanda,RWA,..,..,..,..,..
1963,Sao Tome and Principe,STP,..,..,..,..,..
1963,Senegal,SEN,..,..,..,..,..
1963,Seychelles,SYC,..,..,..,..,..
1963,Sierra Leone,SLE,..,..,..,..,..
1963,Somalia,SOM,..,..,..,..,..
1963,South Africa,ZAF,..,..,..,..,..
1963,South Sudan,SSD,..,..,..,..,..
1963,Swaziland,SWZ,..,..,..,..,..
1963,Tanzania,TZA,..,..,..,..,..
1963,Togo,TGO,..,..,..,..,..
1963,Uganda,UGA,..,..,..,..,..
1963,Zambia,ZMB,..,..,..,..,..
1963,Zimbabwe,ZWE,..,..,..,..,..
1964,Angola,AGO,..,..,..,..,..
1964,Benin,BEN,..,..,..,..,..
1964,Botswana,BWA,..,..,..,..,..
1964,Burkina Faso,BFA,..,..,..,..,..
1964,Burundi,BDI,..,..,..,..,..
1964,Cameroon,CMR,..,..,..,..,..
1964,Central African Republic,CAF,..,..,..,..,..
1964,Chad,TCD,..,..,..,..,..
1964,Comoros,COM,..,..,..,..,..
1964,"Congo, Dem. Rep.",COD,..,..,..,..,..
1964,Cote d'Ivoire,CIV,..,..,..,..,..
1964,Djibouti,DJI,..,..,..,..,..
1964,Equatorial Guinea,GNQ,..,..,..,..,..
1964,Eritrea,ERI,..,..,..,..,..
1964,Ethiopia,ETH,..,..,..,..,..
1964,Gabon,GAB,..,..,..,..,..
1964,"Gambia, The",GMB,..,..,..,..,..
1964,Ghana,GHA,..,..,..,..,..
1964,Guinea,GIN,..,..,..,..,..
1964,Guinea-Bissau,GNB,..,..,..,..,..
1964,Kenya,KEN,..,..,..,..,..
1964,Lesotho,LSO,..,..,..,..,..
1964,Liberia,LBR,..,..,..,..,..
1964,Madagascar,MDG,..,..,..,..,..
1964,Malawi,MWI,..,..,..,..,..
1964,Mauritius,MUS,..,..,..,..,..
1964,Mauritania,MRT,..,..,..,..,..
1964,Mali,MLI,..,..,..,..,..
1964,Mozambique,MOZ,..,..,..,..,..
1964,Namibia,NAM,..,..,..,..,..
1964,Niger,NER,..,..,..,..,..
1964,Nigeria,NGA,..,..,..,..,..
1964,Rwanda,RWA,..,..,..,..,..
1964,Sao Tome and Principe,STP,..,..,..,..,..
1964,Senegal,SEN,..,..,..,..,..
1964,Seychelles,SYC,..,..,..,..,..
1964,Sierra Leone,SLE,..,..,..,..,..
1964,Somalia,SOM,..,..,..,..,..
1964,South Africa,ZAF,..,..,..,..,..
1964,South Sudan,SSD,..,..,..,..,..
1964,Swaziland,SWZ,..,..,..,..,..
1964,Tanzania,TZA,..,..,..,..,..
1964,Togo,TGO,..,..,..,..,..
1964,Uganda,UGA,..,..,..,..,..
1964,Zambia,ZMB,..,..,..,..,..
1964,Zimbabwe,ZWE,..,..,..,..,..
1965,Angola,AGO,..,..,..,..,..
1965,Benin,BEN,..,..,..,..,..
1965,Botswana,BWA,..,..,..,..,..
1965,Burkina Faso,BFA,..,..,..,..,..
1965,Burundi,BDI,..,..,..,..,..
1965,Cameroon,CMR,..,..,..,..,..
1965,Central African Republic,CAF,..,..,..,..,..
1965,Chad,TCD,..,..,..,..,..
1965,Comoros,COM,..,..,..,..,..
1965,"Congo, Dem. Rep.",COD,..,..,..,..,..
1965,Cote d'Ivoire,CIV,..,..,..,..,..
1965,Djibouti,DJI,..,..,..,..,..
1965,Equatorial Guinea,GNQ,..,..,..,..,..
1965,Eritrea,ERI,..,..,..,..,..
1965,Ethiopia,ETH,..,..,..,..,..
1965,Gabon,GAB,..,..,..,..,..
1965,"Gambia, The",GMB,..,..,..,..,..
1965,Ghana,GHA,..,..,..,..,..
1965,Guinea,GIN,..,..,..,..,..
1965,Guinea-Bissau,GNB,..,..,..,..,..
1965,Kenya,KEN,..,..,..,..,..
1965,Lesotho,LSO,..,..,..,..,..
1965,Liberia,LBR,..,..,..,..,..
1965,Madagascar,MDG,..,..,..,..,..
1965,Malawi,MWI,..,..,..,..,..
1965,Mauritius,MUS,..,..,..,..,..
1965,Mauritania,MRT,..,..,..,..,..
1965,Mali,MLI,..,..,..,..,..
1965,Mozambique,MOZ,..,..,..,..,..
1965,Namibia,NAM,..,..,..,..,..
1965,Niger,NER,..,..,..,..,..
1965,Nigeria,NGA,..,..,..,..,..
1965,Rwanda,RWA,..,..,..,..,..
1965,Sao Tome and Principe,STP,..,..,..,..,..
1965,Senegal,SEN,..,..,..,..,..
1965,Seychelles,SYC,..,..,..,..,..
1965,Sierra Leone,SLE,..,..,..,..,..
1965,Somalia,SOM,..,..,..,..,..
1965,South Africa,ZAF,..,..,..,..,..
1965,South Sudan,SSD,..,..,..,..,..
1965,Swaziland,SWZ,..,..,..,..,..
1965,Tanzania,TZA,..,..,..,..,..
1965,Togo,TGO,..,..,..,..,..
1965,Uganda,UGA,..,..,..,..,..
1965,Zambia,ZMB,..,..,..,..,..
1965,Zimbabwe,ZWE,..,..,..,..,..
1966,Angola,AGO,..,..,..,..,..
1966,Benin,BEN,..,..,..,..,..
1966,Botswana,BWA,..,..,..,..,..
1966,Burkina Faso,BFA,..,..,..,..,..
1966,Burundi,BDI,..,..,..,..,..
1966,Cameroon,CMR,..,..,..,..,..
1966,Central African Republic,CAF,..,..,..,..,..
1966,Chad,TCD,..,..,..,..,..
1966,Comoros,COM,..,..,..,..,..
1966,"Congo, Dem. Rep.",COD,..,..,..,..,..
1966,Cote d'Ivoire,CIV,..,..,..,..,..
1966,Djibouti,DJI,..,..,..,..,..
1966,Equatorial Guinea,GNQ,..,..,..,..,..
1966,Eritrea,ERI,..,..,..,..,..
1966,Ethiopia,ETH,..,..,..,..,..
1966,Gabon,GAB,..,..,..,..,..
1966,"Gambia, The",GMB,..,..,..,..,..
1966,Ghana,GHA,..,..,..,..,..
1966,Guinea,GIN,..,..,..,..,..
1966,Guinea-Bissau,GNB,..,..,..,..,..
1966,Kenya,KEN,..,..,..,..,..
1966,Lesotho,LSO,..,..,..,..,..
1966,Liberia,LBR,..,..,..,..,..
1966,Madagascar,MDG,..,..,..,..,..
1966,Malawi,MWI,..,..,..,..,..
1966,Mauritius,MUS,..,..,..,..,..
1966,Mauritania,MRT,..,..,..,..,..
1966,Mali,MLI,..,..,..,..,..
1966,Mozambique,MOZ,..,..,..,..,..
1966,Namibia,NAM,..,..,..,..,..
1966,Niger,NER,..,..,..,..,..
1966,Nigeria,NGA,..,..,..,..,..
1966,Rwanda,RWA,..,..,..,..,..
1966,Sao Tome and Principe,STP,..,..,..,..,..
1966,Senegal,SEN,..,..,..,..,..
1966,Seychelles,SYC,..,..,..,..,..
1966,Sierra Leone,SLE,..,..,..,..,..
1966,Somalia,SOM,..,..,..,..,..
1966,South Africa,ZAF,..,..,..,..,..
1966,South Sudan,SSD,..,..,..,..,..
1966,Swaziland,SWZ,..,..,..,..,..
1966,Tanzania,TZA,..,..,..,..,..
1966,Togo,TGO,..,..,..,..,..
1966,Uganda,UGA,..,..,..,..,..
1966,Zambia,ZMB,..,..,..,..,..
1966,Zimbabwe,ZWE,..,..,..,..,..
1967,Angola,AGO,..,..,..,..,..
1967,Benin,BEN,..,..,..,..,..
1967,Botswana,BWA,..,..,..,..,..
1967,Burkina Faso,BFA,..,..,..,..,..
1967,Burundi,BDI,..,..,..,..,..
1967,Cameroon,CMR,..,..,..,..,..
1967,Central African Republic,CAF,..,..,..,..,..
1967,Chad,TCD,..,..,..,..,..
1967,Comoros,COM,..,..,..,..,..
1967,"Congo, Dem. Rep.",COD,..,..,..,..,..
1967,Cote d'Ivoire,CIV,..,..,..,..,..
1967,Djibouti,DJI,..,..,..,..,..
1967,Equatorial Guinea,GNQ,..,..,..,..,..
1967,Eritrea,ERI,..,..,..,..,..
1967,Ethiopia,ETH,..,..,..,..,..
1967,Gabon,GAB,..,..,..,..,..
1967,"Gambia, The",GMB,..,..,..,..,..
1967,Ghana,GHA,..,..,..,..,..
1967,Guinea,GIN,..,..,..,..,..
1967,Guinea-Bissau,GNB,..,..,..,..,..
1967,Kenya,KEN,..,..,..,..,..
1967,Lesotho,LSO,..,..,..,..,..
1967,Liberia,LBR,..,..,..,..,..
1967,Madagascar,MDG,..,..,..,..,..
1967,Malawi,MWI,..,..,..,..,..
1967,Mauritius,MUS,..,..,..,..,..
1967,Mauritania,MRT,..,..,..,..,..
1967,Mali,MLI,..,..,..,..,..
1967,Mozambique,MOZ,..,..,..,..,..
1967,Namibia,NAM,..,..,..,..,..
1967,Niger,NER,..,..,..,..,..
1967,Nigeria,NGA,..,..,..,..,..
1967,Rwanda,RWA,..,..,..,..,..
1967,Sao Tome and Principe,STP,..,..,..,..,..
1967,Senegal,SEN,..,..,..,..,..
1967,Seychelles,SYC,..,..,..,..,..
1967,Sierra Leone,SLE,..,..,..,..,..
1967,Somalia,SOM,..,..,..,..,..
1967,South Africa,ZAF,..,..,..,..,..
1967,South Sudan,SSD,..,..,..,..,..
1967,Swaziland,SWZ,..,..,..,..,..
1967,Tanzania,TZA,..,..,..,..,..
1967,Togo,TGO,..,..,..,..,..
1967,Uganda,UGA,..,..,..,..,..
1967,Zambia,ZMB,..,..,..,..,..
1967,Zimbabwe,ZWE,..,..,..,..,..
1968,Angola,AGO,..,..,..,..,..
1968,Benin,BEN,..,..,..,..,..
1968,Botswana,BWA,..,..,..,..,..
1968,Burkina Faso,BFA,..,..,..,..,..
1968,Burundi,BDI,..,..,..,..,..
1968,Cameroon,CMR,..,..,..,..,..
1968,Central African Republic,CAF,..,..,..,..,..
1968,Chad,TCD,..,..,..,..,..
1968,Comoros,COM,..,..,..,..,..
1968,"Congo, Dem. Rep.",COD,..,..,..,..,..
1968,Cote d'Ivoire,CIV,..,..,..,..,..
1968,Djibouti,DJI,..,..,..,..,..
1968,Equatorial Guinea,GNQ,..,..,..,..,..
1968,Eritrea,ERI,..,..,..,..,..
1968,Ethiopia,ETH,..,..,..,..,..
1968,Gabon,GAB,..,..,..,..,..
1968,"Gambia, The",GMB,..,..,..,..,..
1968,Ghana,GHA,..,..,..,..,..
1968,Guinea,GIN,..,..,..,..,..
1968,Guinea-Bissau,GNB,..,..,..,..,..
1968,Kenya,KEN,..,..,..,..,..
1968,Lesotho,LSO,..,..,..,..,..
1968,Liberia,LBR,..,..,..,..,..
1968,Madagascar,MDG,..,..,..,..,..
1968,Malawi,MWI,..,..,..,..,..
1968,Mauritius,MUS,..,..,..,..,..
1968,Mauritania,MRT,..,..,..,..,..
1968,Mali,MLI,..,..,..,..,..
1968,Mozambique,MOZ,..,..,..,..,..
1968,Namibia,NAM,..,..,..,..,..
1968,Niger,NER,..,..,..,..,..
1968,Nigeria,NGA,..,..,..,..,..
1968,Rwanda,RWA,..,..,..,..,..
1968,Sao Tome and Principe,STP,..,..,..,..,..
1968,Senegal,SEN,..,..,..,..,..
1968,Seychelles,SYC,..,..,..,..,..
1968,Sierra Leone,SLE,..,..,..,..,..
1968,Somalia,SOM,..,..,..,..,..
1968,South Africa,ZAF,..,..,..,..,..
1968,South Sudan,SSD,..,..,..,..,..
1968,Swaziland,SWZ,..,..,..,..,..
1968,Tanzania,TZA,..,..,..,..,..
1968,Togo,TGO,..,..,..,..,..
1968,Uganda,UGA,..,..,..,..,..
1968,Zambia,ZMB,..,..,..,..,..
1968,Zimbabwe,ZWE,..,..,..,..,..
1969,Angola,AGO,..,..,..,..,..
1969,Benin,BEN,..,..,..,..,..
1969,Botswana,BWA,..,..,..,..,..
1969,Burkina Faso,BFA,..,..,..,..,..
1969,Burundi,BDI,..,..,..,..,..
1969,Cameroon,CMR,..,..,..,..,..
1969,Central African Republic,CAF,..,..,..,..,..
1969,Chad,TCD,..,..,..,..,..
1969,Comoros,COM,..,..,..,..,..
1969,"Congo, Dem. Rep.",COD,..,..,..,..,..
1969,Cote d'Ivoire,CIV,..,..,..,..,..
1969,Djibouti,DJI,..,..,..,..,..
1969,Equatorial Guinea,GNQ,..,..,..,..,..
1969,Eritrea,ERI,..,..,..,..,..
1969,Ethiopia,ETH,..,..,..,..,..
1969,Gabon,GAB,..,..,..,..,..
1969,"Gambia, The",GMB,..,..,..,..,..
1969,Ghana,GHA,..,..,..,..,..
1969,Guinea,GIN,..,..,..,..,..
1969,Guinea-Bissau,GNB,..,..,..,..,..
1969,Kenya,KEN,..,..,..,..,..
1969,Lesotho,LSO,..,..,..,..,..
1969,Liberia,LBR,..,..,..,..,..
1969,Madagascar,MDG,..,..,..,..,..
1969,Malawi,MWI,..,..,..,..,..
1969,Mauritius,MUS,..,..,..,..,..
1969,Mauritania,MRT,..,..,..,..,..
1969,Mali,MLI,..,..,..,..,..
1969,Mozambique,MOZ,..,..,..,..,..
1969,Namibia,NAM,..,..,..,..,..
1969,Niger,NER,..,..,..,..,..
1969,Nigeria,NGA,..,..,..,..,..
1969,Rwanda,RWA,..,..,..,..,..
1969,Sao Tome and Principe,STP,..,..,..,..,..
1969,Senegal,SEN,..,..,..,..,..
1969,Seychelles,SYC,..,..,..,..,..
1969,Sierra Leone,SLE,..,..,..,..,..
1969,Somalia,SOM,..,..,..,..,..
1969,South Africa,ZAF,..,..,..,..,..
1969,South Sudan,SSD,..,..,..,..,..
1969,Swaziland,SWZ,..,..,..,..,..
1969,Tanzania,TZA,..,..,..,..,..
1969,Togo,TGO,..,..,..,..,..
1969,Uganda,UGA,..,..,..,..,..
1969,Zambia,ZMB,..,..,..,..,..
1969,Zimbabwe,ZWE,..,..,..,..,..
1970,Angola,AGO,..,..,..,..,..
1970,Benin,BEN,..,..,..,..,..
1970,Botswana,BWA,..,..,..,..,..
1970,Burkina Faso,BFA,..,..,..,..,..
1970,Burundi,BDI,..,..,..,..,..
1970,Cameroon,CMR,..,..,..,..,..
1970,Central African Republic,CAF,..,..,..,..,..
1970,Chad,TCD,..,..,..,..,..
1970,Comoros,COM,..,..,..,..,..
1970,"Congo, Dem. Rep.",COD,..,..,..,..,..
1970,Cote d'Ivoire,CIV,..,..,..,..,..
1970,Djibouti,DJI,..,..,..,..,..
1970,Equatorial Guinea,GNQ,..,..,..,..,..
1970,Eritrea,ERI,..,..,..,..,..
1970,Ethiopia,ETH,..,..,..,..,..
1970,Gabon,GAB,..,..,..,..,..
1970,"Gambia, The",GMB,..,..,..,..,..
1970,Ghana,GHA,..,..,..,..,..
1970,Guinea,GIN,..,..,..,..,..
1970,Guinea-Bissau,GNB,..,..,..,..,..
1970,Kenya,KEN,..,..,..,..,..
1970,Lesotho,LSO,..,..,..,..,..
1970,Liberia,LBR,..,..,..,..,..
1970,Madagascar,MDG,..,..,..,..,..
1970,Malawi,MWI,..,..,..,..,..
1970,Mauritius,MUS,..,..,..,..,..
1970,Mauritania,MRT,..,..,..,..,..
1970,Mali,MLI,..,..,..,..,..
1970,Mozambique,MOZ,..,..,..,..,..
1970,Namibia,NAM,..,..,..,..,..
1970,Niger,NER,..,..,..,..,..
1970,Nigeria,NGA,..,..,..,..,..
1970,Rwanda,RWA,..,..,..,..,..
1970,Sao Tome and Principe,STP,..,..,..,..,..
1970,Senegal,SEN,..,..,..,..,..
1970,Seychelles,SYC,..,..,..,..,..
1970,Sierra Leone,SLE,..,..,..,..,..
1970,Somalia,SOM,..,..,..,..,..
1970,South Africa,ZAF,..,..,..,..,..
1970,South Sudan,SSD,..,..,..,..,..
1970,Swaziland,SWZ,..,..,..,..,..
1970,Tanzania,TZA,..,..,..,..,..
1970,Togo,TGO,..,..,..,..,..
1970,Uganda,UGA,..,..,..,..,..
1970,Zambia,ZMB,..,..,..,..,..
1970,Zimbabwe,ZWE,..,..,..,..,..
1971,Angola,AGO,..,..,..,..,..
1971,Benin,BEN,..,..,..,..,..
1971,Botswana,BWA,..,..,..,..,..
1971,Burkina Faso,BFA,..,..,..,..,..
1971,Burundi,BDI,..,..,..,..,..
1971,Cameroon,CMR,..,..,..,..,..
1971,Central African Republic,CAF,..,..,..,..,..
1971,Chad,TCD,..,..,..,..,..
1971,Comoros,COM,..,..,..,..,..
1971,"Congo, Dem. Rep.",COD,..,..,..,..,..
1971,Cote d'Ivoire,CIV,..,..,..,..,..
1971,Djibouti,DJI,..,..,..,..,..
1971,Equatorial Guinea,GNQ,..,..,..,..,..
1971,Eritrea,ERI,..,..,..,..,..
1971,Ethiopia,ETH,..,..,..,..,..
1971,Gabon,GAB,..,..,..,..,..
1971,"Gambia, The",GMB,..,..,..,..,..
1971,Ghana,GHA,..,..,..,..,..
1971,Guinea,GIN,..,..,..,..,..
1971,Guinea-Bissau,GNB,..,..,..,..,..
1971,Kenya,KEN,..,..,..,..,..
1971,Lesotho,LSO,..,..,..,..,..
1971,Liberia,LBR,..,..,..,..,..
1971,Madagascar,MDG,..,..,..,..,..
1971,Malawi,MWI,..,..,..,..,..
1971,Mauritius,MUS,..,..,..,..,..
1971,Mauritania,MRT,..,..,..,..,..
1971,Mali,MLI,..,..,..,..,..
1971,Mozambique,MOZ,..,..,..,..,..
1971,Namibia,NAM,..,..,..,..,..
1971,Niger,NER,..,..,..,..,..
1971,Nigeria,NGA,..,..,..,..,..
1971,Rwanda,RWA,..,..,..,..,..
1971,Sao Tome and Principe,STP,..,..,..,..,..
1971,Senegal,SEN,..,..,..,..,..
1971,Seychelles,SYC,..,..,..,..,..
1971,Sierra Leone,SLE,..,..,..,..,..
1971,Somalia,SOM,..,..,..,..,..
1971,South Africa,ZAF,..,..,..,..,..
1971,South Sudan,SSD,..,..,..,..,..
1971,Swaziland,SWZ,..,..,..,..,..
1971,Tanzania,TZA,..,..,..,..,..
1971,Togo,TGO,..,..,..,..,..
1971,Uganda,UGA,..,..,..,..,..
1971,Zambia,ZMB,..,..,..,..,..
1971,Zimbabwe,ZWE,..,..,..,..,..
1972,Angola,AGO,..,..,..,..,..
1972,Benin,BEN,..,..,..,..,..
1972,Botswana,BWA,..,..,..,..,..
1972,Burkina Faso,BFA,..,..,..,..,..
1972,Burundi,BDI,..,..,..,..,..
1972,Cameroon,CMR,..,..,..,..,..
1972,Central African Republic,CAF,..,..,..,..,..
1972,Chad,TCD,..,..,..,..,..
1972,Comoros,COM,..,..,..,..,..
1972,"Congo, Dem. Rep.",COD,..,..,..,..,..
1972,Cote d'Ivoire,CIV,..,..,..,..,..
1972,Djibouti,DJI,..,..,..,..,..
1972,Equatorial Guinea,GNQ,..,..,..,..,..
1972,Eritrea,ERI,..,..,..,..,..
1972,Ethiopia,ETH,..,..,..,..,..
1972,Gabon,GAB,..,..,..,..,..
1972,"Gambia, The",GMB,..,..,..,..,..
1972,Ghana,GHA,..,..,..,..,..
1972,Guinea,GIN,..,..,..,..,..
1972,Guinea-Bissau,GNB,..,..,..,..,..
1972,Kenya,KEN,..,..,..,..,..
1972,Lesotho,LSO,..,..,..,..,..
1972,Liberia,LBR,..,..,..,..,..
1972,Madagascar,MDG,..,..,..,..,..
1972,Malawi,MWI,..,..,..,..,..
1972,Mauritius,MUS,..,..,..,..,..
1972,Mauritania,MRT,..,..,..,..,..
1972,Mali,MLI,..,..,..,..,..
1972,Mozambique,MOZ,..,..,..,..,..
1972,Namibia,NAM,..,..,..,..,..
1972,Niger,NER,..,..,..,..,..
1972,Nigeria,NGA,..,..,..,..,..
1972,Rwanda,RWA,..,..,..,..,..
1972,Sao Tome and Principe,STP,..,..,..,..,..
1972,Senegal,SEN,..,..,..,..,..
1972,Seychelles,SYC,..,..,..,..,..
1972,Sierra Leone,SLE,..,..,..,..,..
1972,Somalia,SOM,..,..,..,..,..
1972,South Africa,ZAF,..,..,..,..,..
1972,South Sudan,SSD,..,..,..,..,..
1972,Swaziland,SWZ,..,..,..,..,..
1972,Tanzania,TZA,..,..,..,..,..
1972,Togo,TGO,..,..,..,..,..
1972,Uganda,UGA,..,..,..,..,..
1972,Zambia,ZMB,..,..,..,..,..
1972,Zimbabwe,ZWE,..,..,..,..,..
1973,Angola,AGO,..,..,..,..,..
1973,Benin,BEN,..,..,..,..,..
1973,Botswana,BWA,..,..,..,..,..
1973,Burkina Faso,BFA,..,..,..,..,..
1973,Burundi,BDI,..,..,..,..,..
1973,Cameroon,CMR,..,..,..,..,..
1973,Central African Republic,CAF,..,..,..,..,..
1973,Chad,TCD,..,..,..,..,..
1973,Comoros,COM,..,..,..,..,..
1973,"Congo, Dem. Rep.",COD,..,..,..,..,..
1973,Cote d'Ivoire,CIV,..,..,..,..,..
1973,Djibouti,DJI,..,..,..,..,..
1973,Equatorial Guinea,GNQ,..,..,..,..,..
1973,Eritrea,ERI,..,..,..,..,..
1973,Ethiopia,ETH,..,..,..,..,..
1973,Gabon,GAB,..,..,..,..,..
1973,"Gambia, The",GMB,..,..,..,..,..
1973,Ghana,GHA,..,..,..,..,..
1973,Guinea,GIN,..,..,..,..,..
1973,Guinea-Bissau,GNB,..,..,..,..,..
1973,Kenya,KEN,..,..,..,..,..
1973,Lesotho,LSO,..,..,..,..,..
1973,Liberia,LBR,..,..,..,..,..
1973,Madagascar,MDG,..,..,..,..,..
1973,Malawi,MWI,..,..,..,..,..
1973,Mauritius,MUS,..,..,..,..,..
1973,Mauritania,MRT,..,..,..,..,..
1973,Mali,MLI,..,..,..,..,..
1973,Mozambique,MOZ,..,..,..,..,..
1973,Namibia,NAM,..,..,..,..,..
1973,Niger,NER,..,..,..,..,..
1973,Nigeria,NGA,..,..,..,..,..
1973,Rwanda,RWA,..,..,..,..,..
1973,Sao Tome and Principe,STP,..,..,..,..,..
1973,Senegal,SEN,..,..,..,..,..
1973,Seychelles,SYC,..,..,..,..,..
1973,Sierra Leone,SLE,..,..,..,..,..
1973,Somalia,SOM,..,..,..,..,..
1973,South Africa,ZAF,..,..,..,..,..
1973,South Sudan,SSD,..,..,..,..,..
1973,Swaziland,SWZ,..,..,..,..,..
1973,Tanzania,TZA,..,..,..,..,..
1973,Togo,TGO,..,..,..,..,..
1973,Uganda,UGA,..,..,..,..,..
1973,Zambia,ZMB,..,..,..,..,..
1973,Zimbabwe,ZWE,..,..,..,..,..
1974,Angola,AGO,..,..,..,..,..
1974,Benin,BEN,..,..,..,..,..
1974,Botswana,BWA,..,..,..,..,..
1974,Burkina Faso,BFA,..,..,..,..,..
1974,Burundi,BDI,..,..,..,..,..
1974,Cameroon,CMR,..,..,..,..,..
1974,Central African Republic,CAF,..,..,..,..,..
1974,Chad,TCD,..,..,..,..,..
1974,Comoros,COM,..,..,..,..,..
1974,"Congo, Dem. Rep.",COD,..,..,..,..,..
1974,Cote d'Ivoire,CIV,..,..,..,..,..
1974,Djibouti,DJI,..,..,..,..,..
1974,Equatorial Guinea,GNQ,..,..,..,..,..
1974,Eritrea,ERI,..,..,..,..,..
1974,Ethiopia,ETH,..,..,..,..,..
1974,Gabon,GAB,..,..,..,..,..
1974,"Gambia, The",GMB,..,..,..,..,..
1974,Ghana,GHA,..,..,..,..,..
1974,Guinea,GIN,..,..,..,..,..
1974,Guinea-Bissau,GNB,..,..,..,..,..
1974,Kenya,KEN,..,..,..,..,..
1974,Lesotho,LSO,..,..,..,..,..
1974,Liberia,LBR,..,..,..,..,..
1974,Madagascar,MDG,..,..,..,..,..
1974,Malawi,MWI,..,..,..,..,..
1974,Mauritius,MUS,..,..,..,..,..
1974,Mauritania,MRT,..,..,..,..,..
1974,Mali,MLI,..,..,..,..,..
1974,Mozambique,MOZ,..,..,..,..,..
1974,Namibia,NAM,..,..,..,..,..
1974,Niger,NER,..,..,..,..,..
1974,Nigeria,NGA,..,..,..,..,..
1974,Rwanda,RWA,..,..,..,..,..
1974,Sao Tome and Principe,STP,..,..,..,..,..
1974,Senegal,SEN,..,..,..,..,..
1974,Seychelles,SYC,..,..,..,..,..
1974,Sierra Leone,SLE,..,..,..,..,..
1974,Somalia,SOM,..,..,..,..,..
1974,South Africa,ZAF,..,..,..,..,..
1974,South Sudan,SSD,..,..,..,..,..
1974,Swaziland,SWZ,..,..,..,..,..
1974,Tanzania,TZA,..,..,..,..,..
1974,Togo,TGO,..,..,..,..,..
1974,Uganda,UGA,..,..,..,..,..
1974,Zambia,ZMB,..,..,..,..,..
1974,Zimbabwe,ZWE,..,..,..,..,..
1975,Angola,AGO,..,..,..,..,..
1975,Benin,BEN,..,..,..,..,..
1975,Botswana,BWA,..,..,..,..,..
1975,Burkina Faso,BFA,..,..,..,..,..
1975,Burundi,BDI,..,..,..,..,..
1975,Cameroon,CMR,..,..,..,..,..
1975,Central African Republic,CAF,..,..,..,..,..
1975,Chad,TCD,..,..,..,..,..
1975,Comoros,COM,..,..,..,..,..
1975,"Congo, Dem. Rep.",COD,..,..,..,..,..
1975,Cote d'Ivoire,CIV,..,..,..,..,..
1975,Djibouti,DJI,..,..,..,..,..
1975,Equatorial Guinea,GNQ,..,..,..,..,..
1975,Eritrea,ERI,..,..,..,..,..
1975,Ethiopia,ETH,..,..,..,..,..
1975,Gabon,GAB,..,..,..,..,..
1975,"Gambia, The",GMB,..,..,..,..,..
1975,Ghana,GHA,..,..,..,..,..
1975,Guinea,GIN,..,..,..,..,..
1975,Guinea-Bissau,GNB,..,..,..,..,..
1975,Kenya,KEN,..,..,..,..,..
1975,Lesotho,LSO,..,..,..,..,..
1975,Liberia,LBR,..,..,..,..,..
1975,Madagascar,MDG,..,..,..,..,..
1975,Malawi,MWI,..,..,..,..,..
1975,Mauritius,MUS,..,..,..,..,..
1975,Mauritania,MRT,..,..,..,..,..
1975,Mali,MLI,..,..,..,..,..
1975,Mozambique,MOZ,..,..,..,..,..
1975,Namibia,NAM,..,..,..,..,..
1975,Niger,NER,..,..,..,..,..
1975,Nigeria,NGA,..,..,..,..,..
1975,Rwanda,RWA,..,..,..,..,..
1975,Sao Tome and Principe,STP,..,..,..,..,..
1975,Senegal,SEN,..,..,..,..,..
1975,Seychelles,SYC,..,..,..,..,..
1975,Sierra Leone,SLE,..,..,..,..,..
1975,Somalia,SOM,..,..,..,..,..
1975,South Africa,ZAF,..,..,..,..,..
1975,South Sudan,SSD,..,..,..,..,..
1975,Swaziland,SWZ,..,..,..,..,..
1975,Tanzania,TZA,..,..,..,..,..
1975,Togo,TGO,..,..,..,..,..
1975,Uganda,UGA,..,..,..,..,..
1975,Zambia,ZMB,..,..,..,..,..
1975,Zimbabwe,ZWE,..,..,..,..,..
1976,Angola,AGO,..,..,..,..,..
1976,Benin,BEN,..,..,..,..,..
1976,Botswana,BWA,..,..,..,..,..
1976,Burkina Faso,BFA,..,..,..,..,..
1976,Burundi,BDI,..,..,..,..,..
1976,Cameroon,CMR,..,..,..,..,..
1976,Central African Republic,CAF,..,..,..,..,..
1976,Chad,TCD,..,..,..,..,..
1976,Comoros,COM,..,..,..,..,..
1976,"Congo, Dem. Rep.",COD,..,..,..,..,..
1976,Cote d'Ivoire,CIV,..,..,..,..,..
1976,Djibouti,DJI,..,..,..,..,..
1976,Equatorial Guinea,GNQ,..,..,..,..,..
1976,Eritrea,ERI,..,..,..,..,..
1976,Ethiopia,ETH,..,..,..,..,..
1976,Gabon,GAB,..,..,..,..,..
1976,"Gambia, The",GMB,..,..,..,..,..
1976,Ghana,GHA,..,..,..,..,..
1976,Guinea,GIN,..,..,..,..,..
1976,Guinea-Bissau,GNB,..,..,..,..,..
1976,Kenya,KEN,..,..,..,..,..
1976,Lesotho,LSO,..,..,..,..,..
1976,Liberia,LBR,..,..,..,..,..
1976,Madagascar,MDG,..,..,..,..,..
1976,Malawi,MWI,..,..,..,..,..
1976,Mauritius,MUS,..,..,..,..,..
1976,Mauritania,MRT,..,..,..,..,..
1976,Mali,MLI,..,..,..,..,..
1976,Mozambique,MOZ,..,..,..,..,..
1976,Namibia,NAM,..,..,..,..,..
1976,Niger,NER,..,..,..,..,..
1976,Nigeria,NGA,..,..,..,..,..
1976,Rwanda,RWA,..,..,..,..,..
1976,Sao Tome and Principe,STP,..,..,..,..,..
1976,Senegal,SEN,..,..,..,..,..
1976,Seychelles,SYC,..,..,..,..,..
1976,Sierra Leone,SLE,..,..,..,..,..
1976,Somalia,SOM,..,..,..,..,..
1976,South Africa,ZAF,..,..,..,..,..
1976,South Sudan,SSD,..,..,..,..,..
1976,Swaziland,SWZ,..,..,..,..,..
1976,Tanzania,TZA,..,..,..,..,..
1976,Togo,TGO,..,..,..,..,..
1976,Uganda,UGA,..,..,..,..,..
1976,Zambia,ZMB,..,..,..,..,..
1976,Zimbabwe,ZWE,..,..,..,..,..
1977,Angola,AGO,..,..,..,..,..
1977,Benin,BEN,..,..,..,..,..
1977,Botswana,BWA,..,..,..,..,..
1977,Burkina Faso,BFA,..,..,..,..,..
1977,Burundi,BDI,..,..,..,..,..
1977,Cameroon,CMR,..,..,..,..,..
1977,Central African Republic,CAF,..,..,..,..,..
1977,Chad,TCD,..,..,..,..,..
1977,Comoros,COM,..,..,..,..,..
1977,"Congo, Dem. Rep.",COD,..,..,..,..,..
1977,Cote d'Ivoire,CIV,..,..,..,..,..
1977,Djibouti,DJI,..,..,..,..,..
1977,Equatorial Guinea,GNQ,..,..,..,..,..
1977,Eritrea,ERI,..,..,..,..,..
1977,Ethiopia,ETH,..,..,..,..,..
1977,Gabon,GAB,..,..,..,..,..
1977,"Gambia, The",GMB,..,..,..,..,..
1977,Ghana,GHA,..,..,..,..,..
1977,Guinea,GIN,..,..,..,..,..
1977,Guinea-Bissau,GNB,..,..,..,..,..
1977,Kenya,KEN,..,..,..,..,..
1977,Lesotho,LSO,..,..,..,..,..
1977,Liberia,LBR,..,..,..,..,..
1977,Madagascar,MDG,..,..,..,..,..
1977,Malawi,MWI,..,..,..,..,..
1977,Mauritius,MUS,..,..,..,..,..
1977,Mauritania,MRT,..,..,..,..,..
1977,Mali,MLI,..,..,..,..,..
1977,Mozambique,MOZ,..,..,..,..,..
1977,Namibia,NAM,..,..,..,..,..
1977,Niger,NER,..,..,..,..,..
1977,Nigeria,NGA,..,..,..,..,..
1977,Rwanda,RWA,..,..,..,..,..
1977,Sao Tome and Principe,STP,..,..,..,..,..
1977,Senegal,SEN,..,..,..,..,..
1977,Seychelles,SYC,..,..,..,..,..
1977,Sierra Leone,SLE,..,..,..,..,..
1977,Somalia,SOM,..,..,..,..,..
1977,South Africa,ZAF,..,..,..,..,..
1977,South Sudan,SSD,..,..,..,..,..
1977,Swaziland,SWZ,..,..,..,..,..
1977,Tanzania,TZA,..,..,..,..,..
1977,Togo,TGO,..,..,..,..,..
1977,Uganda,UGA,..,..,..,..,..
1977,Zambia,ZMB,..,..,..,..,..
1977,Zimbabwe,ZWE,..,..,..,..,..
1978,Angola,AGO,..,..,..,..,..
1978,Benin,BEN,..,..,..,..,..
1978,Botswana,BWA,..,..,..,..,..
1978,Burkina Faso,BFA,..,..,..,..,..
1978,Burundi,BDI,..,..,..,..,..
1978,Cameroon,CMR,..,..,..,..,..
1978,Central African Republic,CAF,..,..,..,..,..
1978,Chad,TCD,..,..,..,..,..
1978,Comoros,COM,..,..,..,..,..
1978,"Congo, Dem. Rep.",COD,..,..,..,..,..
1978,Cote d'Ivoire,CIV,..,..,..,..,..
1978,Djibouti,DJI,..,..,..,..,..
1978,Equatorial Guinea,GNQ,..,..,..,..,..
1978,Eritrea,ERI,..,..,..,..,..
1978,Ethiopia,ETH,..,..,..,..,..
1978,Gabon,GAB,..,..,..,..,..
1978,"Gambia, The",GMB,..,..,..,..,..
1978,Ghana,GHA,..,..,..,..,..
1978,Guinea,GIN,..,..,..,..,..
1978,Guinea-Bissau,GNB,..,..,..,..,..
1978,Kenya,KEN,..,..,..,..,..
1978,Lesotho,LSO,..,..,..,..,..
1978,Liberia,LBR,..,..,..,..,..
1978,Madagascar,MDG,..,..,..,..,..
1978,Malawi,MWI,..,..,..,..,..
1978,Mauritius,MUS,..,..,..,..,..
1978,Mauritania,MRT,..,..,..,..,..
1978,Mali,MLI,..,..,..,..,..
1978,Mozambique,MOZ,..,..,..,..,..
1978,Namibia,NAM,..,..,..,..,..
1978,Niger,NER,..,..,..,..,..
1978,Nigeria,NGA,..,..,..,..,..
1978,Rwanda,RWA,..,..,..,..,..
1978,Sao Tome and Principe,STP,..,..,..,..,..
1978,Senegal,SEN,..,..,..,..,..
1978,Seychelles,SYC,..,..,..,..,..
1978,Sierra Leone,SLE,..,..,..,..,..
1978,Somalia,SOM,..,..,..,..,..
1978,South Africa,ZAF,..,..,..,..,..
1978,South Sudan,SSD,..,..,..,..,..
1978,Swaziland,SWZ,..,..,..,..,..
1978,Tanzania,TZA,..,..,..,..,..
1978,Togo,TGO,..,..,..,..,..
1978,Uganda,UGA,..,..,..,..,..
1978,Zambia,ZMB,..,..,..,..,..
1978,Zimbabwe,ZWE,..,..,..,..,..
1979,Angola,AGO,..,..,..,..,..
1979,Benin,BEN,..,..,..,..,..
1979,Botswana,BWA,..,..,..,..,..
1979,Burkina Faso,BFA,..,..,..,..,..
1979,Burundi,BDI,..,..,..,..,..
1979,Cameroon,CMR,..,..,..,..,..
1979,Central African Republic,CAF,..,..,..,..,..
1979,Chad,TCD,..,..,..,..,..
1979,Comoros,COM,..,..,..,..,..
1979,"Congo, Dem. Rep.",COD,..,..,..,..,..
1979,Cote d'Ivoire,CIV,..,..,..,..,..
1979,Djibouti,DJI,..,..,..,..,..
1979,Equatorial Guinea,GNQ,..,..,..,..,..
1979,Eritrea,ERI,..,..,..,..,..
1979,Ethiopia,ETH,..,..,..,..,..
1979,Gabon,GAB,..,..,..,..,..
1979,"Gambia, The",GMB,..,..,..,..,..
1979,Ghana,GHA,..,..,..,..,..
1979,Guinea,GIN,..,..,..,..,..
1979,Guinea-Bissau,GNB,..,..,..,..,..
1979,Kenya,KEN,..,..,..,..,..
1979,Lesotho,LSO,..,..,..,..,..
1979,Liberia,LBR,..,..,..,..,..
1979,Madagascar,MDG,..,..,..,..,..
1979,Malawi,MWI,..,..,..,..,..
1979,Mauritius,MUS,..,..,..,..,..
1979,Mauritania,MRT,..,..,..,..,..
1979,Mali,MLI,..,..,..,..,..
1979,Mozambique,MOZ,..,..,..,..,..
1979,Namibia,NAM,..,..,..,..,..
1979,Niger,NER,..,..,..,..,..
1979,Nigeria,NGA,..,..,..,..,..
1979,Rwanda,RWA,..,..,..,..,..
1979,Sao Tome and Principe,STP,..,..,..,..,..
1979,Senegal,SEN,..,..,..,..,..
1979,Seychelles,SYC,..,..,..,..,..
1979,Sierra Leone,SLE,..,..,..,..,..
1979,Somalia,SOM,..,..,..,..,..
1979,South Africa,ZAF,..,..,..,..,..
1979,South Sudan,SSD,..,..,..,..,..
1979,Swaziland,SWZ,..,..,..,..,..
1979,Tanzania,TZA,..,..,..,..,..
1979,Togo,TGO,..,..,..,..,..
1979,Uganda,UGA,..,..,..,..,..
1979,Zambia,ZMB,..,..,..,..,..
1979,Zimbabwe,ZWE,..,..,..,..,..
1980,Angola,AGO,..,..,..,..,..
1980,Benin,BEN,..,..,..,..,..
1980,Botswana,BWA,..,..,..,..,..
1980,Burkina Faso,BFA,..,..,..,..,..
1980,Burundi,BDI,..,..,..,..,..
1980,Cameroon,CMR,..,..,..,..,..
1980,Central African Republic,CAF,..,..,..,..,..
1980,Chad,TCD,..,..,..,..,..
1980,Comoros,COM,..,..,..,..,..
1980,"Congo, Dem. Rep.",COD,..,..,..,..,..
1980,Cote d'Ivoire,CIV,..,..,..,..,..
1980,Djibouti,DJI,..,..,..,..,..
1980,Equatorial Guinea,GNQ,..,..,..,..,..
1980,Eritrea,ERI,..,..,..,..,..
1980,Ethiopia,ETH,..,..,..,..,..
1980,Gabon,GAB,..,..,..,..,..
1980,"Gambia, The",GMB,..,..,..,..,..
1980,Ghana,GHA,..,..,..,..,..
1980,Guinea,GIN,..,..,..,..,..
1980,Guinea-Bissau,GNB,..,..,..,..,..
1980,Kenya,KEN,..,..,..,..,..
1980,Lesotho,LSO,..,..,..,..,..
1980,Liberia,LBR,..,..,..,..,..
1980,Madagascar,MDG,20.4,52.5,5,8.8,13.4
1980,Malawi,MWI,..,..,..,..,..
1980,Mauritius,MUS,..,..,..,..,..
1980,Mauritania,MRT,..,..,..,..,..
1980,Mali,MLI,..,..,..,..,..
1980,Mozambique,MOZ,..,..,..,..,..
1980,Namibia,NAM,..,..,..,..,..
1980,Niger,NER,..,..,..,..,..
1980,Nigeria,NGA,..,..,..,..,..
1980,Rwanda,RWA,..,..,..,..,..
1980,Sao Tome and Principe,STP,..,..,..,..,..
1980,Senegal,SEN,..,..,..,..,..
1980,Seychelles,SYC,..,..,..,..,..
1980,Sierra Leone,SLE,..,..,..,..,..
1980,Somalia,SOM,..,..,..,..,..
1980,South Africa,ZAF,..,..,..,..,..
1980,South Sudan,SSD,..,..,..,..,..
1980,Swaziland,SWZ,..,..,..,..,..
1980,Tanzania,TZA,..,..,..,..,..
1980,Togo,TGO,..,..,..,..,..
1980,Uganda,UGA,..,..,..,..,..
1980,Zambia,ZMB,..,..,..,..,..
1980,Zimbabwe,ZWE,..,..,..,..,..
1981,Angola,AGO,..,..,..,..,..
1981,Benin,BEN,..,..,..,..,..
1981,Botswana,BWA,..,..,..,..,..
1981,Burkina Faso,BFA,..,..,..,..,..
1981,Burundi,BDI,..,..,..,..,..
1981,Cameroon,CMR,..,..,..,..,..
1981,Central African Republic,CAF,..,..,..,..,..
1981,Chad,TCD,..,..,..,..,..
1981,Comoros,COM,..,..,..,..,..
1981,"Congo, Dem. Rep.",COD,..,..,..,..,..
1981,Cote d'Ivoire,CIV,..,..,..,..,..
1981,Djibouti,DJI,..,..,..,..,..
1981,Equatorial Guinea,GNQ,..,..,..,..,..
1981,Eritrea,ERI,..,..,..,..,..
1981,Ethiopia,ETH,..,..,..,..,..
1981,Gabon,GAB,..,..,..,..,..
1981,"Gambia, The",GMB,..,..,..,..,..
1981,Ghana,GHA,..,..,..,..,..
1981,Guinea,GIN,..,..,..,..,..
1981,Guinea-Bissau,GNB,..,..,..,..,..
1981,Kenya,KEN,..,..,..,..,..
1981,Lesotho,LSO,..,..,..,..,..
1981,Liberia,LBR,..,..,..,..,..
1981,Madagascar,MDG,..,..,..,..,..
1981,Malawi,MWI,..,..,..,..,..
1981,Mauritius,MUS,..,..,..,..,..
1981,Mauritania,MRT,..,..,..,..,..
1981,Mali,MLI,..,..,..,..,..
1981,Mozambique,MOZ,..,..,..,..,..
1981,Namibia,NAM,..,..,..,..,..
1981,Niger,NER,..,..,..,..,..
1981,Nigeria,NGA,..,..,..,..,..
1981,Rwanda,RWA,..,..,..,..,..
1981,Sao Tome and Principe,STP,..,..,..,..,..
1981,Senegal,SEN,..,..,..,..,..
1981,Seychelles,SYC,..,..,..,..,..
1981,Sierra Leone,SLE,..,..,..,..,..
1981,Somalia,SOM,..,..,..,..,..
1981,South Africa,ZAF,..,..,..,..,..
1981,South Sudan,SSD,..,..,..,..,..
1981,Swaziland,SWZ,..,..,..,..,..
1981,Tanzania,TZA,..,..,..,..,..
1981,Togo,TGO,..,..,..,..,..
1981,Uganda,UGA,..,..,..,..,..
1981,Zambia,ZMB,..,..,..,..,..
1981,Zimbabwe,ZWE,..,..,..,..,..
1982,Angola,AGO,..,..,..,..,..
1982,Benin,BEN,..,..,..,..,..
1982,Botswana,BWA,..,..,..,..,..
1982,Burkina Faso,BFA,..,..,..,..,..
1982,Burundi,BDI,..,..,..,..,..
1982,Cameroon,CMR,..,..,..,..,..
1982,Central African Republic,CAF,..,..,..,..,..
1982,Chad,TCD,..,..,..,..,..
1982,Comoros,COM,..,..,..,..,..
1982,"Congo, Dem. Rep.",COD,..,..,..,..,..
1982,Cote d'Ivoire,CIV,..,..,..,..,..
1982,Djibouti,DJI,..,..,..,..,..
1982,Equatorial Guinea,GNQ,..,..,..,..,..
1982,Eritrea,ERI,..,..,..,..,..
1982,Ethiopia,ETH,..,..,..,..,..
1982,Gabon,GAB,..,..,..,..,..
1982,"Gambia, The",GMB,..,..,..,..,..
1982,Ghana,GHA,..,..,..,..,..
1982,Guinea,GIN,..,..,..,..,..
1982,Guinea-Bissau,GNB,..,..,..,..,..
1982,Kenya,KEN,..,..,..,..,..
1982,Lesotho,LSO,..,..,..,..,..
1982,Liberia,LBR,..,..,..,..,..
1982,Madagascar,MDG,..,..,..,..,..
1982,Malawi,MWI,..,..,..,..,..
1982,Mauritius,MUS,..,..,..,..,..
1982,Mauritania,MRT,..,..,..,..,..
1982,Mali,MLI,..,..,..,..,..
1982,Mozambique,MOZ,..,..,..,..,..
1982,Namibia,NAM,..,..,..,..,..
1982,Niger,NER,..,..,..,..,..
1982,Nigeria,NGA,..,..,..,..,..
1982,Rwanda,RWA,..,..,..,..,..
1982,Sao Tome and Principe,STP,..,..,..,..,..
1982,Senegal,SEN,..,..,..,..,..
1982,Seychelles,SYC,..,..,..,..,..
1982,Sierra Leone,SLE,..,..,..,..,..
1982,Somalia,SOM,..,..,..,..,..
1982,South Africa,ZAF,..,..,..,..,..
1982,South Sudan,SSD,..,..,..,..,..
1982,Swaziland,SWZ,..,..,..,..,..
1982,Tanzania,TZA,..,..,..,..,..
1982,Togo,TGO,..,..,..,..,..
1982,Uganda,UGA,..,..,..,..,..
1982,Zambia,ZMB,..,..,..,..,..
1982,Zimbabwe,ZWE,..,..,..,..,..
1983,Angola,AGO,..,..,..,..,..
1983,Benin,BEN,..,..,..,..,..
1983,Botswana,BWA,..,..,..,..,..
1983,Burkina Faso,BFA,..,..,..,..,..
1983,Burundi,BDI,..,..,..,..,..
1983,Cameroon,CMR,..,..,..,..,..
1983,Central African Republic,CAF,..,..,..,..,..
1983,Chad,TCD,..,..,..,..,..
1983,Comoros,COM,..,..,..,..,..
1983,"Congo, Dem. Rep.",COD,..,..,..,..,..
1983,Cote d'Ivoire,CIV,..,..,..,..,..
1983,Djibouti,DJI,..,..,..,..,..
1983,Equatorial Guinea,GNQ,..,..,..,..,..
1983,Eritrea,ERI,..,..,..,..,..
1983,Ethiopia,ETH,..,..,..,..,..
1983,Gabon,GAB,..,..,..,..,..
1983,"Gambia, The",GMB,..,..,..,..,..
1983,Ghana,GHA,..,..,..,..,..
1983,Guinea,GIN,..,..,..,..,..
1983,Guinea-Bissau,GNB,..,..,..,..,..
1983,Kenya,KEN,..,..,..,..,..
1983,Lesotho,LSO,..,..,..,..,..
1983,Liberia,LBR,..,..,..,..,..
1983,Madagascar,MDG,..,..,..,..,..
1983,Malawi,MWI,..,..,..,..,..
1983,Mauritius,MUS,..,..,..,..,..
1983,Mauritania,MRT,..,..,..,..,..
1983,Mali,MLI,..,..,..,..,..
1983,Mozambique,MOZ,..,..,..,..,..
1983,Namibia,NAM,..,..,..,..,..
1983,Niger,NER,..,..,..,..,..
1983,Nigeria,NGA,..,..,..,..,..
1983,Rwanda,RWA,..,..,..,..,..
1983,Sao Tome and Principe,STP,..,..,..,..,..
1983,Senegal,SEN,..,..,..,..,..
1983,Seychelles,SYC,..,..,..,..,..
1983,Sierra Leone,SLE,..,..,..,..,..
1983,Somalia,SOM,..,..,..,..,..
1983,South Africa,ZAF,..,..,..,..,..
1983,South Sudan,SSD,..,..,..,..,..
1983,Swaziland,SWZ,..,..,..,..,..
1983,Tanzania,TZA,..,..,..,..,..
1983,Togo,TGO,..,..,..,..,..
1983,Uganda,UGA,..,..,..,..,..
1983,Zambia,ZMB,..,..,..,..,..
1983,Zimbabwe,ZWE,..,..,..,..,..
1984,Angola,AGO,..,..,..,..,..
1984,Benin,BEN,..,..,..,..,..
1984,Botswana,BWA,..,..,..,..,..
1984,Burkina Faso,BFA,..,..,..,..,..
1984,Burundi,BDI,..,..,..,..,..
1984,Cameroon,CMR,..,..,..,..,..
1984,Central African Republic,CAF,..,..,..,..,..
1984,Chad,TCD,..,..,..,..,..
1984,Comoros,COM,..,..,..,..,..
1984,"Congo, Dem. Rep.",COD,..,..,..,..,..
1984,Cote d'Ivoire,CIV,..,..,..,..,..
1984,Djibouti,DJI,..,..,..,..,..
1984,Equatorial Guinea,GNQ,..,..,..,..,..
1984,Eritrea,ERI,..,..,..,..,..
1984,Ethiopia,ETH,..,..,..,..,..
1984,Gabon,GAB,..,..,..,..,..
1984,"Gambia, The",GMB,..,..,..,..,..
1984,Ghana,GHA,..,..,..,..,..
1984,Guinea,GIN,..,..,..,..,..
1984,Guinea-Bissau,GNB,..,..,..,..,..
1984,Kenya,KEN,..,..,..,..,..
1984,Lesotho,LSO,..,..,..,..,..
1984,Liberia,LBR,..,..,..,..,..
1984,Madagascar,MDG,..,..,..,..,..
1984,Malawi,MWI,..,..,..,..,..
1984,Mauritius,MUS,..,..,..,..,..
1984,Mauritania,MRT,..,..,..,..,..
1984,Mali,MLI,..,..,..,..,..
1984,Mozambique,MOZ,..,..,..,..,..
1984,Namibia,NAM,..,..,..,..,..
1984,Niger,NER,..,..,..,..,..
1984,Nigeria,NGA,..,..,..,..,..
1984,Rwanda,RWA,21.6,38.9,9.7,13.1,16.7
1984,Sao Tome and Principe,STP,..,..,..,..,..
1984,Senegal,SEN,..,..,..,..,..
1984,Seychelles,SYC,..,..,..,..,..
1984,Sierra Leone,SLE,..,..,..,..,..
1984,Somalia,SOM,..,..,..,..,..
1984,South Africa,ZAF,..,..,..,..,..
1984,South Sudan,SSD,..,..,..,..,..
1984,Swaziland,SWZ,..,..,..,..,..
1984,Tanzania,TZA,..,..,..,..,..
1984,Togo,TGO,..,..,..,..,..
1984,Uganda,UGA,..,..,..,..,..
1984,Zambia,ZMB,..,..,..,..,..
1984,Zimbabwe,ZWE,..,..,..,..,..
1985,Angola,AGO,..,..,..,..,..
1985,Benin,BEN,..,..,..,..,..
1985,Botswana,BWA,19.2,58.9,3.6,6.9,11.4
1985,Burkina Faso,BFA,..,..,..,..,..
1985,Burundi,BDI,..,..,..,..,..
1985,Cameroon,CMR,..,..,..,..,..
1985,Central African Republic,CAF,..,..,..,..,..
1985,Chad,TCD,..,..,..,..,..
1985,Comoros,COM,..,..,..,..,..
1985,"Congo, Dem. Rep.",COD,..,..,..,..,..
1985,Cote d'Ivoire,CIV,20.6,51.3,4.9,9.3,13.8
1985,Djibouti,DJI,..,..,..,..,..
1985,Equatorial Guinea,GNQ,..,..,..,..,..
1985,Eritrea,ERI,..,..,..,..,..
1985,Ethiopia,ETH,..,..,..,..,..
1985,Gabon,GAB,..,..,..,..,..
1985,"Gambia, The",GMB,..,..,..,..,..
1985,Ghana,GHA,..,..,..,..,..
1985,Guinea,GIN,..,..,..,..,..
1985,Guinea-Bissau,GNB,..,..,..,..,..
1985,Kenya,KEN,..,..,..,..,..
1985,Lesotho,LSO,..,..,..,..,..
1985,Liberia,LBR,..,..,..,..,..
1985,Madagascar,MDG,..,..,..,..,..
1985,Malawi,MWI,..,..,..,..,..
1985,Mauritius,MUS,..,..,..,..,..
1985,Mauritania,MRT,..,..,..,..,..
1985,Mali,MLI,..,..,..,..,..
1985,Mozambique,MOZ,..,..,..,..,..
1985,Namibia,NAM,..,..,..,..,..
1985,Niger,NER,..,..,..,..,..
1985,Nigeria,NGA,23,45,6,10.4,15.5
1985,Rwanda,RWA,..,..,..,..,..
1985,Sao Tome and Principe,STP,..,..,..,..,..
1985,Senegal,SEN,..,..,..,..,..
1985,Seychelles,SYC,..,..,..,..,..
1985,Sierra Leone,SLE,..,..,..,..,..
1985,Somalia,SOM,..,..,..,..,..
1985,South Africa,ZAF,..,..,..,..,..
1985,South Sudan,SSD,..,..,..,..,..
1985,Swaziland,SWZ,..,..,..,..,..
1985,Tanzania,TZA,..,..,..,..,..
1985,Togo,TGO,..,..,..,..,..
1985,Uganda,UGA,..,..,..,..,..
1985,Zambia,ZMB,..,..,..,..,..
1985,Zimbabwe,ZWE,..,..,..,..,..
1986,Angola,AGO,..,..,..,..,..
1986,Benin,BEN,..,..,..,..,..
1986,Botswana,BWA,..,..,..,..,..
1986,Burkina Faso,BFA,..,..,..,..,..
1986,Burundi,BDI,..,..,..,..,..
1986,Cameroon,CMR,..,..,..,..,..
1986,Central African Republic,CAF,..,..,..,..,..
1986,Chad,TCD,..,..,..,..,..
1986,Comoros,COM,..,..,..,..,..
1986,"Congo, Dem. Rep.",COD,..,..,..,..,..
1986,Cote d'Ivoire,CIV,21.6,45.4,6.9,10.9,15.1
1986,Djibouti,DJI,..,..,..,..,..
1986,Equatorial Guinea,GNQ,..,..,..,..,..
1986,Eritrea,ERI,..,..,..,..,..
1986,Ethiopia,ETH,..,..,..,..,..
1986,Gabon,GAB,..,..,..,..,..
1986,"Gambia, The",GMB,..,..,..,..,..
1986,Ghana,GHA,..,..,..,..,..
1986,Guinea,GIN,..,..,..,..,..
1986,Guinea-Bissau,GNB,..,..,..,..,..
1986,Kenya,KEN,..,..,..,..,..
1986,Lesotho,LSO,19.5,60,2.9,6.4,11.3
1986,Liberia,LBR,..,..,..,..,..
1986,Madagascar,MDG,..,..,..,..,..
1986,Malawi,MWI,..,..,..,..,..
1986,Mauritius,MUS,..,..,..,..,..
1986,Mauritania,MRT,..,..,..,..,..
1986,Mali,MLI,..,..,..,..,..
1986,Mozambique,MOZ,..,..,..,..,..
1986,Namibia,NAM,..,..,..,..,..
1986,Niger,NER,..,..,..,..,..
1986,Nigeria,NGA,..,..,..,..,..
1986,Rwanda,RWA,..,..,..,..,..
1986,Sao Tome and Principe,STP,..,..,..,..,..
1986,Senegal,SEN,..,..,..,..,..
1986,Seychelles,SYC,..,..,..,..,..
1986,Sierra Leone,SLE,..,..,..,..,..
1986,Somalia,SOM,..,..,..,..,..
1986,South Africa,ZAF,..,..,..,..,..
1986,South Sudan,SSD,..,..,..,..,..
1986,Swaziland,SWZ,..,..,..,..,..
1986,Tanzania,TZA,..,..,..,..,..
1986,Togo,TGO,..,..,..,..,..
1986,Uganda,UGA,..,..,..,..,..
1986,Zambia,ZMB,..,..,..,..,..
1986,Zimbabwe,ZWE,..,..,..,..,..
1987,Angola,AGO,..,..,..,..,..
1987,Benin,BEN,..,..,..,..,..
1987,Botswana,BWA,..,..,..,..,..
1987,Burkina Faso,BFA,..,..,..,..,..
1987,Burundi,BDI,..,..,..,..,..
1987,Cameroon,CMR,..,..,..,..,..
1987,Central African Republic,CAF,..,..,..,..,..
1987,Chad,TCD,..,..,..,..,..
1987,Comoros,COM,..,..,..,..,..
1987,"Congo, Dem. Rep.",COD,..,..,..,..,..
1987,Cote d'Ivoire,CIV,21,47.6,6.3,10.4,14.8
1987,Djibouti,DJI,..,..,..,..,..
1987,Equatorial Guinea,GNQ,..,..,..,..,..
1987,Eritrea,ERI,..,..,..,..,..
1987,Ethiopia,ETH,..,..,..,..,..
1987,Gabon,GAB,..,..,..,..,..
1987,"Gambia, The",GMB,..,..,..,..,..
1987,Ghana,GHA,22.3,42.7,7,11.7,16.3
1987,Guinea,GIN,..,..,..,..,..
1987,Guinea-Bissau,GNB,..,..,..,..,..
1987,Kenya,KEN,..,..,..,..,..
1987,Lesotho,LSO,..,..,..,..,..
1987,Liberia,LBR,..,..,..,..,..
1987,Madagascar,MDG,..,..,..,..,..
1987,Malawi,MWI,..,..,..,..,..
1987,Mauritius,MUS,..,..,..,..,..
1987,Mauritania,MRT,22.6,48.7,4.2,9.5,15
1987,Mali,MLI,..,..,..,..,..
1987,Mozambique,MOZ,..,..,..,..,..
1987,Namibia,NAM,..,..,..,..,..
1987,Niger,NER,..,..,..,..,..
1987,Nigeria,NGA,..,..,..,..,..
1987,Rwanda,RWA,..,..,..,..,..
1987,Sao Tome and Principe,STP,..,..,..,..,..
1987,Senegal,SEN,..,..,..,..,..
1987,Seychelles,SYC,..,..,..,..,..
1987,Sierra Leone,SLE,..,..,..,..,..
1987,Somalia,SOM,..,..,..,..,..
1987,South Africa,ZAF,..,..,..,..,..
1987,South Sudan,SSD,..,..,..,..,..
1987,Swaziland,SWZ,..,..,..,..,..
1987,Tanzania,TZA,..,..,..,..,..
1987,Togo,TGO,..,..,..,..,..
1987,Uganda,UGA,..,..,..,..,..
1987,Zambia,ZMB,..,..,..,..,..
1987,Zimbabwe,ZWE,..,..,..,..,..
1988,Angola,AGO,..,..,..,..,..
1988,Benin,BEN,..,..,..,..,..
1988,Botswana,BWA,..,..,..,..,..
1988,Burkina Faso,BFA,..,..,..,..,..
1988,Burundi,BDI,..,..,..,..,..
1988,Cameroon,CMR,..,..,..,..,..
1988,Central African Republic,CAF,..,..,..,..,..
1988,Chad,TCD,..,..,..,..,..
1988,Comoros,COM,..,..,..,..,..
1988,"Congo, Dem. Rep.",COD,..,..,..,..,..
1988,Cote d'Ivoire,CIV,22.5,43.9,6.8,11.3,15.5
1988,Djibouti,DJI,..,..,..,..,..
1988,Equatorial Guinea,GNQ,..,..,..,..,..
1988,Eritrea,ERI,..,..,..,..,..
1988,Ethiopia,ETH,..,..,..,..,..
1988,Gabon,GAB,..,..,..,..,..
1988,"Gambia, The",GMB,..,..,..,..,..
1988,Ghana,GHA,22.1,43.4,7,11.5,16
1988,Guinea,GIN,..,..,..,..,..
1988,Guinea-Bissau,GNB,..,..,..,..,..
1988,Kenya,KEN,..,..,..,..,..
1988,Lesotho,LSO,..,..,..,..,..
1988,Liberia,LBR,..,..,..,..,..
1988,Madagascar,MDG,..,..,..,..,..
1988,Malawi,MWI,..,..,..,..,..
1988,Mauritius,MUS,..,..,..,..,..
1988,Mauritania,MRT,..,..,..,..,..
1988,Mali,MLI,..,..,..,..,..
1988,Mozambique,MOZ,..,..,..,..,..
1988,Namibia,NAM,..,..,..,..,..
1988,Niger,NER,..,..,..,..,..
1988,Nigeria,NGA,..,..,..,..,..
1988,Rwanda,RWA,..,..,..,..,..
1988,Sao Tome and Principe,STP,..,..,..,..,..
1988,Senegal,SEN,..,..,..,..,..
1988,Seychelles,SYC,..,..,..,..,..
1988,Sierra Leone,SLE,..,..,..,..,..
1988,Somalia,SOM,..,..,..,..,..
1988,South Africa,ZAF,..,..,..,..,..
1988,South Sudan,SSD,..,..,..,..,..
1988,Swaziland,SWZ,..,..,..,..,..
1988,Tanzania,TZA,..,..,..,..,..
1988,Togo,TGO,..,..,..,..,..
1988,Uganda,UGA,..,..,..,..,..
1988,Zambia,ZMB,..,..,..,..,..
1988,Zimbabwe,ZWE,..,..,..,..,..
1989,Angola,AGO,..,..,..,..,..
1989,Benin,BEN,..,..,..,..,..
1989,Botswana,BWA,..,..,..,..,..
1989,Burkina Faso,BFA,..,..,..,..,..
1989,Burundi,BDI,..,..,..,..,..
1989,Cameroon,CMR,..,..,..,..,..
1989,Central African Republic,CAF,..,..,..,..,..
1989,Chad,TCD,..,..,..,..,..
1989,Comoros,COM,..,..,..,..,..
1989,"Congo, Dem. Rep.",COD,..,..,..,..,..
1989,Cote d'Ivoire,CIV,..,..,..,..,..
1989,Djibouti,DJI,..,..,..,..,..
1989,Equatorial Guinea,GNQ,..,..,..,..,..
1989,Eritrea,ERI,..,..,..,..,..
1989,Ethiopia,ETH,..,..,..,..,..
1989,Gabon,GAB,..,..,..,..,..
1989,"Gambia, The",GMB,..,..,..,..,..
1989,Ghana,GHA,..,..,..,..,..
1989,Guinea,GIN,..,..,..,..,..
1989,Guinea-Bissau,GNB,..,..,..,..,..
1989,Kenya,KEN,..,..,..,..,..
1989,Lesotho,LSO,..,..,..,..,..
1989,Liberia,LBR,..,..,..,..,..
1989,Madagascar,MDG,..,..,..,..,..
1989,Malawi,MWI,..,..,..,..,..
1989,Mauritius,MUS,..,..,..,..,..
1989,Mauritania,MRT,..,..,..,..,..
1989,Mali,MLI,..,..,..,..,..
1989,Mozambique,MOZ,..,..,..,..,..
1989,Namibia,NAM,..,..,..,..,..
1989,Niger,NER,..,..,..,..,..
1989,Nigeria,NGA,..,..,..,..,..
1989,Rwanda,RWA,..,..,..,..,..
1989,Sao Tome and Principe,STP,..,..,..,..,..
1989,Senegal,SEN,..,..,..,..,..
1989,Seychelles,SYC,..,..,..,..,..
1989,Sierra Leone,SLE,..,..,..,..,..
1989,Somalia,SOM,..,..,..,..,..
1989,South Africa,ZAF,..,..,..,..,..
1989,South Sudan,SSD,..,..,..,..,..
1989,Swaziland,SWZ,..,..,..,..,..
1989,Tanzania,TZA,..,..,..,..,..
1989,Togo,TGO,..,..,..,..,..
1989,Uganda,UGA,21.6,49.9,4.9,9.3,14.3
1989,Zambia,ZMB,..,..,..,..,..
1989,Zimbabwe,ZWE,..,..,..,..,..
1990,Angola,AGO,..,..,..,..,..
1990,Benin,BEN,..,..,..,..,..
1990,Botswana,BWA,..,..,..,..,..
1990,Burkina Faso,BFA,..,..,..,..,..
1990,Burundi,BDI,..,..,..,..,..
1990,Cameroon,CMR,..,..,..,..,..
1990,Central African Republic,CAF,..,..,..,..,..
1990,Chad,TCD,..,..,..,..,..
1990,Comoros,COM,..,..,..,..,..
1990,"Congo, Dem. Rep.",COD,..,..,..,..,..
1990,Cote d'Ivoire,CIV,..,..,..,..,..
1990,Djibouti,DJI,..,..,..,..,..
1990,Equatorial Guinea,GNQ,..,..,..,..,..
1990,Eritrea,ERI,..,..,..,..,..
1990,Ethiopia,ETH,..,..,..,..,..
1990,Gabon,GAB,..,..,..,..,..
1990,"Gambia, The",GMB,..,..,..,..,..
1990,Ghana,GHA,..,..,..,..,..
1990,Guinea,GIN,..,..,..,..,..
1990,Guinea-Bissau,GNB,..,..,..,..,..
1990,Kenya,KEN,..,..,..,..,..
1990,Lesotho,LSO,..,..,..,..,..
1990,Liberia,LBR,..,..,..,..,..
1990,Madagascar,MDG,..,..,..,..,..
1990,Malawi,MWI,..,..,..,..,..
1990,Mauritius,MUS,..,..,..,..,..
1990,Mauritania,MRT,..,..,..,..,..
1990,Mali,MLI,..,..,..,..,..
1990,Mozambique,MOZ,..,..,..,..,..
1990,Namibia,NAM,..,..,..,..,..
1990,Niger,NER,..,..,..,..,..
1990,Nigeria,NGA,..,..,..,..,..
1990,Rwanda,RWA,..,..,..,..,..
1990,Sao Tome and Principe,STP,..,..,..,..,..
1990,Senegal,SEN,..,..,..,..,..
1990,Seychelles,SYC,..,..,..,..,..
1990,Sierra Leone,SLE,..,..,..,..,..
1990,Somalia,SOM,..,..,..,..,..
1990,South Africa,ZAF,..,..,..,..,..
1990,South Sudan,SSD,..,..,..,..,..
1990,Swaziland,SWZ,..,..,..,..,..
1990,Tanzania,TZA,..,..,..,..,..
1990,Togo,TGO,..,..,..,..,..
1990,Uganda,UGA,..,..,..,..,..
1990,Zambia,ZMB,..,..,..,..,..
1990,Zimbabwe,ZWE,..,..,..,..,..
1991,Angola,AGO,..,..,..,..,..
1991,Benin,BEN,..,..,..,..,..
1991,Botswana,BWA,..,..,..,..,..
1991,Burkina Faso,BFA,..,..,..,..,..
1991,Burundi,BDI,..,..,..,..,..
1991,Cameroon,CMR,..,..,..,..,..
1991,Central African Republic,CAF,..,..,..,..,..
1991,Chad,TCD,..,..,..,..,..
1991,Comoros,COM,..,..,..,..,..
1991,"Congo, Dem. Rep.",COD,..,..,..,..,..
1991,Cote d'Ivoire,CIV,..,..,..,..,..
1991,Djibouti,DJI,..,..,..,..,..
1991,Equatorial Guinea,GNQ,..,..,..,..,..
1991,Eritrea,ERI,..,..,..,..,..
1991,Ethiopia,ETH,..,..,..,..,..
1991,Gabon,GAB,..,..,..,..,..
1991,"Gambia, The",GMB,..,..,..,..,..
1991,Ghana,GHA,21.7,45.6,6.6,10.9,15.2
1991,Guinea,GIN,23.9,50.2,3,8.3,14.6
1991,Guinea-Bissau,GNB,..,..,..,..,..
1991,Kenya,KEN,..,..,..,..,..
1991,Lesotho,LSO,..,..,..,..,..
1991,Liberia,LBR,..,..,..,..,..
1991,Madagascar,MDG,..,..,..,..,..
1991,Malawi,MWI,..,..,..,..,..
1991,Mauritius,MUS,..,..,..,..,..
1991,Mauritania,MRT,..,..,..,..,..
1991,Mali,MLI,..,..,..,..,..
1991,Mozambique,MOZ,..,..,..,..,..
1991,Namibia,NAM,..,..,..,..,..
1991,Niger,NER,..,..,..,..,..
1991,Nigeria,NGA,..,..,..,..,..
1991,Rwanda,RWA,..,..,..,..,..
1991,Sao Tome and Principe,STP,..,..,..,..,..
1991,Senegal,SEN,19.3,58.6,3.5,7,11.6
1991,Seychelles,SYC,..,..,..,..,..
1991,Sierra Leone,SLE,..,..,..,..,..
1991,Somalia,SOM,..,..,..,..,..
1991,South Africa,ZAF,..,..,..,..,..
1991,South Sudan,SSD,..,..,..,..,..
1991,Swaziland,SWZ,..,..,..,..,..
1991,Tanzania,TZA,22.1,43,7,12,15.9
1991,Togo,TGO,..,..,..,..,..
1991,Uganda,UGA,..,..,..,..,..
1991,Zambia,ZMB,22.1,61.9,0.9,4.3,10.8
1991,Zimbabwe,ZWE,..,..,..,..,..
1992,Angola,AGO,..,..,..,..,..
1992,Benin,BEN,..,..,..,..,..
1992,Botswana,BWA,..,..,..,..,..
1992,Burkina Faso,BFA,..,..,..,..,..
1992,Burundi,BDI,22,41.6,7.9,12.1,16.3
1992,Cameroon,CMR,..,..,..,..,..
1992,Central African Republic,CAF,18.5,65,2,4.9,9.6
1992,Chad,TCD,..,..,..,..,..
1992,Comoros,COM,..,..,..,..,..
1992,"Congo, Dem. Rep.",COD,..,..,..,..,..
1992,Cote d'Ivoire,CIV,22.3,45.8,6,10.6,15.3
1992,Djibouti,DJI,..,..,..,..,..
1992,Equatorial Guinea,GNQ,..,..,..,..,..
1992,Eritrea,ERI,..,..,..,..,..
1992,Ethiopia,ETH,..,..,..,..,..
1992,Gabon,GAB,..,..,..,..,..
1992,"Gambia, The",GMB,..,..,..,..,..
1992,Ghana,GHA,..,..,..,..,..
1992,Guinea,GIN,..,..,..,..,..
1992,Guinea-Bissau,GNB,..,..,..,..,..
1992,Kenya,KEN,17.3,61.8,3.4,6.7,10.7
1992,Lesotho,LSO,..,..,..,..,..
1992,Liberia,LBR,..,..,..,..,..
1992,Madagascar,MDG,..,..,..,..,..
1992,Malawi,MWI,..,..,..,..,..
1992,Mauritius,MUS,..,..,..,..,..
1992,Mauritania,MRT,..,..,..,..,..
1992,Mali,MLI,..,..,..,..,..
1992,Mozambique,MOZ,..,..,..,..,..
1992,Namibia,NAM,..,..,..,..,..
1992,Niger,NER,21.2,43.9,7.4,11.7,15.7
1992,Nigeria,NGA,23.4,49.3,4,8.9,14.4
1992,Rwanda,RWA,..,..,..,..,..
1992,Sao Tome and Principe,STP,..,..,..,..,..
1992,Senegal,SEN,..,..,..,..,..
1992,Seychelles,SYC,..,..,..,..,..
1992,Sierra Leone,SLE,..,..,..,..,..
1992,Somalia,SOM,..,..,..,..,..
1992,South Africa,ZAF,..,..,..,..,..
1992,South Sudan,SSD,..,..,..,..,..
1992,Swaziland,SWZ,..,..,..,..,..
1992,Tanzania,TZA,..,..,..,..,..
1992,Togo,TGO,..,..,..,..,..
1992,Uganda,UGA,20.6,48.2,6.2,10.4,14.6
1992,Zambia,ZMB,..,..,..,..,..
1992,Zimbabwe,ZWE,..,..,..,..,..
1993,Angola,AGO,..,..,..,..,..
1993,Benin,BEN,..,..,..,..,..
1993,Botswana,BWA,16.4,64.9,3,5.9,9.8
1993,Burkina Faso,BFA,..,..,..,..,..
1993,Burundi,BDI,..,..,..,..,..
1993,Cameroon,CMR,..,..,..,..,..
1993,Central African Republic,CAF,..,..,..,..,..
1993,Chad,TCD,..,..,..,..,..
1993,Comoros,COM,..,..,..,..,..
1993,"Congo, Dem. Rep.",COD,..,..,..,..,..
1993,Cote d'Ivoire,CIV,..,..,..,..,..
1993,Djibouti,DJI,..,..,..,..,..
1993,Equatorial Guinea,GNQ,..,..,..,..,..
1993,Eritrea,ERI,..,..,..,..,..
1993,Ethiopia,ETH,..,..,..,..,..
1993,Gabon,GAB,..,..,..,..,..
1993,"Gambia, The",GMB,..,..,..,..,..
1993,Ghana,GHA,..,..,..,..,..
1993,Guinea,GIN,..,..,..,..,..
1993,Guinea-Bissau,GNB,21,49.7,5.6,9.5,14.2
1993,Kenya,KEN,..,..,..,..,..
1993,Lesotho,LSO,..,..,..,..,..
1993,Liberia,LBR,..,..,..,..,..
1993,Madagascar,MDG,19.6,51.4,5.4,9.8,13.8
1993,Malawi,MWI,..,..,..,..,..
1993,Mauritius,MUS,..,..,..,..,..
1993,Mauritania,MRT,18,56.1,5.2,8.6,12.2
1993,Mali,MLI,..,..,..,..,..
1993,Mozambique,MOZ,..,..,..,..,..
1993,Namibia,NAM,..,..,..,..,..
1993,Niger,NER,..,..,..,..,..
1993,Nigeria,NGA,..,..,..,..,..
1993,Rwanda,RWA,..,..,..,..,..
1993,Sao Tome and Principe,STP,..,..,..,..,..
1993,Senegal,SEN,..,..,..,..,..
1993,Seychelles,SYC,..,..,..,..,..
1993,Sierra Leone,SLE,..,..,..,..,..
1993,Somalia,SOM,..,..,..,..,..
1993,South Africa,ZAF,18.2,64.3,3,5.3,9.3
1993,South Sudan,SSD,..,..,..,..,..
1993,Swaziland,SWZ,..,..,..,..,..
1993,Tanzania,TZA,..,..,..,..,..
1993,Togo,TGO,..,..,..,..,..
1993,Uganda,UGA,..,..,..,..,..
1993,Zambia,ZMB,21,56.6,3,7,12.3
1993,Zimbabwe,ZWE,..,..,..,..,..
1994,Angola,AGO,..,..,..,..,..
1994,Benin,BEN,..,..,..,..,..
1994,Botswana,BWA,..,..,..,..,..
1994,Burkina Faso,BFA,18.8,55,5.5,8.7,12
1994,Burundi,BDI,..,..,..,..,..
1994,Cameroon,CMR,..,..,..,..,..
1994,Central African Republic,CAF,..,..,..,..,..
1994,Chad,TCD,..,..,..,..,..
1994,Comoros,COM,..,..,..,..,..
1994,"Congo, Dem. Rep.",COD,..,..,..,..,..
1994,Cote d'Ivoire,CIV,..,..,..,..,..
1994,Djibouti,DJI,..,..,..,..,..
1994,Equatorial Guinea,GNQ,..,..,..,..,..
1994,Eritrea,ERI,..,..,..,..,..
1994,Ethiopia,ETH,..,..,..,..,..
1994,Gabon,GAB,..,..,..,..,..
1994,"Gambia, The",GMB,..,..,..,..,..
1994,Ghana,GHA,..,..,..,..,..
1994,Guinea,GIN,20.6,52,5.2,8.8,13.4
1994,Guinea-Bissau,GNB,..,..,..,..,..
1994,Kenya,KEN,21.1,49.5,5.1,9.9,14.4
1994,Lesotho,LSO,18.8,66.5,1.5,4.3,9
1994,Liberia,LBR,..,..,..,..,..
1994,Madagascar,MDG,..,..,..,..,..
1994,Malawi,MWI,..,..,..,..,..
1994,Mauritius,MUS,..,..,..,..,..
1994,Mauritania,MRT,..,..,..,..,..
1994,Mali,MLI,19.3,56.2,4.6,8,11.9
1994,Mozambique,MOZ,..,..,..,..,..
1994,Namibia,NAM,..,..,..,..,..
1994,Niger,NER,20.9,48.3,6,10.2,14.5
1994,Nigeria,NGA,..,..,..,..,..
1994,Rwanda,RWA,..,..,..,..,..
1994,Sao Tome and Principe,STP,..,..,..,..,..
1994,Senegal,SEN,20.4,48.4,6.5,10.4,14.4
1994,Seychelles,SYC,..,..,..,..,..
1994,Sierra Leone,SLE,..,..,..,..,..
1994,Somalia,SOM,..,..,..,..,..
1994,South Africa,ZAF,..,..,..,..,..
1994,South Sudan,SSD,..,..,..,..,..
1994,Swaziland,SWZ,17.4,64,2.5,5.8,10.2
1994,Tanzania,TZA,..,..,..,..,..
1994,Togo,TGO,..,..,..,..,..
1994,Uganda,UGA,..,..,..,..,..
1994,Zambia,ZMB,..,..,..,..,..
1994,Zimbabwe,ZWE,..,..,..,..,..
1995,Angola,AGO,..,..,..,..,..
1995,Benin,BEN,..,..,..,..,..
1995,Botswana,BWA,..,..,..,..,..
1995,Burkina Faso,BFA,..,..,..,..,..
1995,Burundi,BDI,..,..,..,..,..
1995,Cameroon,CMR,..,..,..,..,..
1995,Central African Republic,CAF,..,..,..,..,..
1995,Chad,TCD,..,..,..,..,..
1995,Comoros,COM,..,..,..,..,..
1995,"Congo, Dem. Rep.",COD,..,..,..,..,..
1995,Cote d'Ivoire,CIV,21.1,47.6,6.6,10.2,14.5
1995,Djibouti,DJI,..,..,..,..,..
1995,Equatorial Guinea,GNQ,..,..,..,..,..
1995,Eritrea,ERI,..,..,..,..,..
1995,Ethiopia,ETH,18.8,51.6,6.3,9.9,13.4
1995,Gabon,GAB,..,..,..,..,..
1995,"Gambia, The",GMB,..,..,..,..,..
1995,Ghana,GHA,..,..,..,..,..
1995,Guinea,GIN,..,..,..,..,..
1995,Guinea-Bissau,GNB,..,..,..,..,..
1995,Kenya,KEN,..,..,..,..,..
1995,Lesotho,LSO,..,..,..,..,..
1995,Liberia,LBR,..,..,..,..,..
1995,Madagascar,MDG,..,..,..,..,..
1995,Malawi,MWI,..,..,..,..,..
1995,Mauritius,MUS,..,..,..,..,..
1995,Mauritania,MRT,22.4,44.5,6.4,11.1,15.7
1995,Mali,MLI,..,..,..,..,..
1995,Mozambique,MOZ,..,..,..,..,..
1995,Namibia,NAM,..,..,..,..,..
1995,Niger,NER,..,..,..,..,..
1995,Nigeria,NGA,..,..,..,..,..
1995,Rwanda,RWA,..,..,..,..,..
1995,Sao Tome and Principe,STP,..,..,..,..,..
1995,Senegal,SEN,..,..,..,..,..
1995,Seychelles,SYC,..,..,..,..,..
1995,Sierra Leone,SLE,..,..,..,..,..
1995,Somalia,SOM,..,..,..,..,..
1995,South Africa,ZAF,..,..,..,..,..
1995,South Sudan,SSD,..,..,..,..,..
1995,Swaziland,SWZ,..,..,..,..,..
1995,Tanzania,TZA,..,..,..,..,..
1995,Togo,TGO,..,..,..,..,..
1995,Uganda,UGA,..,..,..,..,..
1995,Zambia,ZMB,..,..,..,..,..
1995,Zimbabwe,ZWE,..,..,..,..,..
1996,Angola,AGO,..,..,..,..,..
1996,Benin,BEN,..,..,..,..,..
1996,Botswana,BWA,..,..,..,..,..
1996,Burkina Faso,BFA,..,..,..,..,..
1996,Burundi,BDI,..,..,..,..,..
1996,Cameroon,CMR,19.6,51.7,6.1,9.6,13
1996,Central African Republic,CAF,..,..,..,..,..
1996,Chad,TCD,..,..,..,..,..
1996,Comoros,COM,..,..,..,..,..
1996,"Congo, Dem. Rep.",COD,..,..,..,..,..
1996,Cote d'Ivoire,CIV,..,..,..,..,..
1996,Djibouti,DJI,..,..,..,..,..
1996,Equatorial Guinea,GNQ,..,..,..,..,..
1996,Eritrea,ERI,..,..,..,..,..
1996,Ethiopia,ETH,..,..,..,..,..
1996,Gabon,GAB,..,..,..,..,..
1996,"Gambia, The",GMB,..,..,..,..,..
1996,Ghana,GHA,..,..,..,..,..
1996,Guinea,GIN,..,..,..,..,..
1996,Guinea-Bissau,GNB,..,..,..,..,..
1996,Kenya,KEN,..,..,..,..,..
1996,Lesotho,LSO,..,..,..,..,..
1996,Liberia,LBR,..,..,..,..,..
1996,Madagascar,MDG,..,..,..,..,..
1996,Malawi,MWI,..,..,..,..,..
1996,Mauritius,MUS,..,..,..,..,..
1996,Mauritania,MRT,..,..,..,..,..
1996,Mali,MLI,..,..,..,..,..
1996,Mozambique,MOZ,20,50.9,5.7,9.7,13.6
1996,Namibia,NAM,..,..,..,..,..
1996,Niger,NER,..,..,..,..,..
1996,Nigeria,NGA,19.8,56.5,3.7,7.7,12.3
1996,Rwanda,RWA,..,..,..,..,..
1996,Sao Tome and Principe,STP,..,..,..,..,..
1996,Senegal,SEN,..,..,..,..,..
1996,Seychelles,SYC,..,..,..,..,..
1996,Sierra Leone,SLE,..,..,..,..,..
1996,Somalia,SOM,..,..,..,..,..
1996,South Africa,ZAF,17.5,65.9,2.7,5.2,8.7
1996,South Sudan,SSD,..,..,..,..,..
1996,Swaziland,SWZ,..,..,..,..,..
1996,Tanzania,TZA,..,..,..,..,..
1996,Togo,TGO,..,..,..,..,..
1996,Uganda,UGA,21.1,46.5,6.8,10.8,14.9
1996,Zambia,ZMB,20.7,53.6,4.5,8.3,12.9
1996,Zimbabwe,ZWE,..,..,..,..,..
1997,Angola,AGO,..,..,..,..,..
1997,Benin,BEN,..,..,..,..,..
1997,Botswana,BWA,..,..,..,..,..
1997,Burkina Faso,BFA,..,..,..,..,..
1997,Burundi,BDI,..,..,..,..,..
1997,Cameroon,CMR,..,..,..,..,..
1997,Central African Republic,CAF,..,..,..,..,..
1997,Chad,TCD,..,..,..,..,..
1997,Comoros,COM,..,..,..,..,..
1997,"Congo, Dem. Rep.",COD,..,..,..,..,..
1997,Cote d'Ivoire,CIV,..,..,..,..,..
1997,Djibouti,DJI,..,..,..,..,..
1997,Equatorial Guinea,GNQ,..,..,..,..,..
1997,Eritrea,ERI,..,..,..,..,..
1997,Ethiopia,ETH,..,..,..,..,..
1997,Gabon,GAB,..,..,..,..,..
1997,"Gambia, The",GMB,..,..,..,..,..
1997,Ghana,GHA,..,..,..,..,..
1997,Guinea,GIN,..,..,..,..,..
1997,Guinea-Bissau,GNB,..,..,..,..,..
1997,Kenya,KEN,19.9,52.5,5.4,9,13.2
1997,Lesotho,LSO,..,..,..,..,..
1997,Liberia,LBR,..,..,..,..,..
1997,Madagascar,MDG,21.9,46,6.1,10.6,15.3
1997,Malawi,MWI,11.8,70.3,3.8,6,8.1
1997,Mauritius,MUS,..,..,..,..,..
1997,Mauritania,MRT,..,..,..,..,..
1997,Mali,MLI,..,..,..,..,..
1997,Mozambique,MOZ,..,..,..,..,..
1997,Namibia,NAM,..,..,..,..,..
1997,Niger,NER,..,..,..,..,..
1997,Nigeria,NGA,..,..,..,..,..
1997,Rwanda,RWA,..,..,..,..,..
1997,Sao Tome and Principe,STP,..,..,..,..,..
1997,Senegal,SEN,..,..,..,..,..
1997,Seychelles,SYC,..,..,..,..,..
1997,Sierra Leone,SLE,..,..,..,..,..
1997,Somalia,SOM,..,..,..,..,..
1997,South Africa,ZAF,..,..,..,..,..
1997,South Sudan,SSD,..,..,..,..,..
1997,Swaziland,SWZ,..,..,..,..,..
1997,Tanzania,TZA,..,..,..,..,..
1997,Togo,TGO,..,..,..,..,..
1997,Uganda,UGA,..,..,..,..,..
1997,Zambia,ZMB,..,..,..,..,..
1997,Zimbabwe,ZWE,..,..,..,..,..
1998,Angola,AGO,..,..,..,..,..
1998,Benin,BEN,..,..,..,..,..
1998,Botswana,BWA,..,..,..,..,..
1998,Burkina Faso,BFA,17.5,56.6,5.2,8.7,12.1
1998,Burundi,BDI,21.5,48,5.1,10.4,15.1
1998,Cameroon,CMR,..,..,..,..,..
1998,Central African Republic,CAF,..,..,..,..,..
1998,Chad,TCD,..,..,..,..,..
1998,Comoros,COM,..,..,..,..,..
1998,"Congo, Dem. Rep.",COD,..,..,..,..,..
1998,Cote d'Ivoire,CIV,21.4,46.2,6.3,10.8,15.2
1998,Djibouti,DJI,..,..,..,..,..
1998,Equatorial Guinea,GNQ,..,..,..,..,..
1998,Eritrea,ERI,..,..,..,..,..
1998,Ethiopia,ETH,..,..,..,..,..
1998,Gabon,GAB,..,..,..,..,..
1998,"Gambia, The",GMB,20.3,53.9,4.3,8.6,12.9
1998,Ghana,GHA,22.7,46.2,5.8,10.3,15
1998,Guinea,GIN,..,..,..,..,..
1998,Guinea-Bissau,GNB,..,..,..,..,..
1998,Kenya,KEN,..,..,..,..,..
1998,Lesotho,LSO,..,..,..,..,..
1998,Liberia,LBR,..,..,..,..,..
1998,Madagascar,MDG,..,..,..,..,..
1998,Malawi,MWI,..,..,..,..,..
1998,Mauritius,MUS,..,..,..,..,..
1998,Mauritania,MRT,..,..,..,..,..
1998,Mali,MLI,..,..,..,..,..
1998,Mozambique,MOZ,..,..,..,..,..
1998,Namibia,NAM,..,..,..,..,..
1998,Niger,NER,..,..,..,..,..
1998,Nigeria,NGA,..,..,..,..,..
1998,Rwanda,RWA,..,..,..,..,..
1998,Sao Tome and Principe,STP,..,..,..,..,..
1998,Senegal,SEN,..,..,..,..,..
1998,Seychelles,SYC,..,..,..,..,..
1998,Sierra Leone,SLE,..,..,..,..,..
1998,Somalia,SOM,..,..,..,..,..
1998,South Africa,ZAF,..,..,..,..,..
1998,South Sudan,SSD,..,..,..,..,..
1998,Swaziland,SWZ,..,..,..,..,..
1998,Tanzania,TZA,..,..,..,..,..
1998,Togo,TGO,..,..,..,..,..
1998,Uganda,UGA,..,..,..,..,..
1998,Zambia,ZMB,20.5,54.2,4.3,8.1,12.9
1998,Zimbabwe,ZWE,..,..,..,..,..
1999,Angola,AGO,..,..,..,..,..
1999,Benin,BEN,..,..,..,..,..
1999,Botswana,BWA,..,..,..,..,..
1999,Burkina Faso,BFA,..,..,..,..,..
1999,Burundi,BDI,..,..,..,..,..
1999,Cameroon,CMR,..,..,..,..,..
1999,Central African Republic,CAF,..,..,..,..,..
1999,Chad,TCD,..,..,..,..,..
1999,Comoros,COM,..,..,..,..,..
1999,"Congo, Dem. Rep.",COD,..,..,..,..,..
1999,Cote d'Ivoire,CIV,..,..,..,..,..
1999,Djibouti,DJI,..,..,..,..,..
1999,Equatorial Guinea,GNQ,..,..,..,..,..
1999,Eritrea,ERI,..,..,..,..,..
1999,Ethiopia,ETH,21.5,39.4,9.1,13.2,16.8
1999,Gabon,GAB,..,..,..,..,..
1999,"Gambia, The",GMB,..,..,..,..,..
1999,Ghana,GHA,..,..,..,..,..
1999,Guinea,GIN,..,..,..,..,..
1999,Guinea-Bissau,GNB,..,..,..,..,..
1999,Kenya,KEN,..,..,..,..,..
1999,Lesotho,LSO,..,..,..,..,..
1999,Liberia,LBR,..,..,..,..,..
1999,Madagascar,MDG,22.6,45.2,6.3,10.6,15.3
1999,Malawi,MWI,..,..,..,..,..
1999,Mauritius,MUS,..,..,..,..,..
1999,Mauritania,MRT,..,..,..,..,..
1999,Mali,MLI,..,..,..,..,..
1999,Mozambique,MOZ,..,..,..,..,..
1999,Namibia,NAM,..,..,..,..,..
1999,Niger,NER,..,..,..,..,..
1999,Nigeria,NGA,..,..,..,..,..
1999,Rwanda,RWA,..,..,..,..,..
1999,Sao Tome and Principe,STP,..,..,..,..,..
1999,Senegal,SEN,..,..,..,..,..
1999,Seychelles,SYC,..,..,..,..,..
1999,Sierra Leone,SLE,..,..,..,..,..
1999,Somalia,SOM,..,..,..,..,..
1999,South Africa,ZAF,..,..,..,..,..
1999,South Sudan,SSD,..,..,..,..,..
1999,Swaziland,SWZ,..,..,..,..,..
1999,Tanzania,TZA,..,..,..,..,..
1999,Togo,TGO,..,..,..,..,..
1999,Uganda,UGA,20.3,49.7,5.9,10,14.1
1999,Zambia,ZMB,..,..,..,..,..
1999,Zimbabwe,ZWE,..,..,..,..,..
2000,Angola,AGO,..,..,..,..,..
2000,Benin,BEN,..,..,..,..,..
2000,Botswana,BWA,..,..,..,..,..
2000,Burkina Faso,BFA,..,..,..,..,..
2000,Burundi,BDI,..,..,..,..,..
2000,Cameroon,CMR,..,..,..,..,..
2000,Central African Republic,CAF,..,..,..,..,..
2000,Chad,TCD,..,..,..,..,..
2000,Comoros,COM,..,..,..,..,..
2000,"Congo, Dem. Rep.",COD,..,..,..,..,..
2000,Cote d'Ivoire,CIV,..,..,..,..,..
2000,Djibouti,DJI,..,..,..,..,..
2000,Equatorial Guinea,GNQ,..,..,..,..,..
2000,Eritrea,ERI,..,..,..,..,..
2000,Ethiopia,ETH,..,..,..,..,..
2000,Gabon,GAB,..,..,..,..,..
2000,"Gambia, The",GMB,..,..,..,..,..
2000,Ghana,GHA,..,..,..,..,..
2000,Guinea,GIN,..,..,..,..,..
2000,Guinea-Bissau,GNB,..,..,..,..,..
2000,Kenya,KEN,..,..,..,..,..
2000,Lesotho,LSO,..,..,..,..,..
2000,Liberia,LBR,..,..,..,..,..
2000,Madagascar,MDG,..,..,..,..,..
2000,Malawi,MWI,..,..,..,..,..
2000,Mauritius,MUS,..,..,..,..,..
2000,Mauritania,MRT,22.3,45.7,6.2,10.6,15.2
2000,Mali,MLI,..,..,..,..,..
2000,Mozambique,MOZ,..,..,..,..,..
2000,Namibia,NAM,..,..,..,..,..
2000,Niger,NER,..,..,..,..,..
2000,Nigeria,NGA,..,..,..,..,..
2000,Rwanda,RWA,18.4,54.9,5.2,8.9,12.6
2000,Sao Tome and Principe,STP,23,40.2,7.9,12.3,16.6
2000,Senegal,SEN,..,..,..,..,..
2000,Seychelles,SYC,..,..,..,..,..
2000,Sierra Leone,SLE,..,..,..,..,..
2000,Somalia,SOM,..,..,..,..,..
2000,South Africa,ZAF,18.8,62.7,3.1,5.6,9.9
2000,South Sudan,SSD,..,..,..,..,..
2000,Swaziland,SWZ,17.5,59.5,4.5,7.5,10.9
2000,Tanzania,TZA,21.9,44.7,6.8,11.3,15.4
2000,Togo,TGO,..,..,..,..,..
2000,Uganda,UGA,..,..,..,..,..
2000,Zambia,ZMB,..,..,..,..,..
2000,Zimbabwe,ZWE,..,..,..,..,..
2001,Angola,AGO,..,..,..,..,..
2001,Benin,BEN,..,..,..,..,..
2001,Botswana,BWA,..,..,..,..,..
2001,Burkina Faso,BFA,..,..,..,..,..
2001,Burundi,BDI,..,..,..,..,..
2001,Cameroon,CMR,20.6,49,6.2,10,14.2
2001,Central African Republic,CAF,..,..,..,..,..
2001,Chad,TCD,..,..,..,..,..
2001,Comoros,COM,..,..,..,..,..
2001,"Congo, Dem. Rep.",COD,..,..,..,..,..
2001,Cote d'Ivoire,CIV,..,..,..,..,..
2001,Djibouti,DJI,..,..,..,..,..
2001,Equatorial Guinea,GNQ,..,..,..,..,..
2001,Eritrea,ERI,..,..,..,..,..
2001,Ethiopia,ETH,..,..,..,..,..
2001,Gabon,GAB,..,..,..,..,..
2001,"Gambia, The",GMB,..,..,..,..,..
2001,Ghana,GHA,..,..,..,..,..
2001,Guinea,GIN,..,..,..,..,..
2001,Guinea-Bissau,GNB,..,..,..,..,..
2001,Kenya,KEN,..,..,..,..,..
2001,Lesotho,LSO,..,..,..,..,..
2001,Liberia,LBR,..,..,..,..,..
2001,Madagascar,MDG,20.4,53.5,4.9,8.5,12.7
2001,Malawi,MWI,..,..,..,..,..
2001,Mauritius,MUS,..,..,..,..,..
2001,Mauritania,MRT,..,..,..,..,..
2001,Mali,MLI,22.2,46.5,6.3,10.3,14.7
2001,Mozambique,MOZ,..,..,..,..,..
2001,Namibia,NAM,..,..,..,..,..
2001,Niger,NER,..,..,..,..,..
2001,Nigeria,NGA,..,..,..,..,..
2001,Rwanda,RWA,..,..,..,..,..
2001,Sao Tome and Principe,STP,..,..,..,..,..
2001,Senegal,SEN,20.5,48.4,6.6,10.3,14.2
2001,Seychelles,SYC,..,..,..,..,..
2001,Sierra Leone,SLE,..,..,..,..,..
2001,Somalia,SOM,..,..,..,..,..
2001,South Africa,ZAF,..,..,..,..,..
2001,South Sudan,SSD,..,..,..,..,..
2001,Swaziland,SWZ,..,..,..,..,..
2001,Tanzania,TZA,..,..,..,..,..
2001,Togo,TGO,..,..,..,..,..
2001,Uganda,UGA,..,..,..,..,..
2001,Zambia,ZMB,..,..,..,..,..
2001,Zimbabwe,ZWE,..,..,..,..,..
2002,Angola,AGO,..,..,..,..,..
2002,Benin,BEN,..,..,..,..,..
2002,Botswana,BWA,15.9,69.5,2.3,4.6,7.8
2002,Burkina Faso,BFA,..,..,..,..,..
2002,Burundi,BDI,..,..,..,..,..
2002,Cameroon,CMR,..,..,..,..,..
2002,Central African Republic,CAF,..,..,..,..,..
2002,Chad,TCD,..,..,..,..,..
2002,Comoros,COM,..,..,..,..,..
2002,"Congo, Dem. Rep.",COD,..,..,..,..,..
2002,Cote d'Ivoire,CIV,20.6,48.5,6.1,10.6,14.3
2002,Djibouti,DJI,21.8,46.5,6,10.6,15.1
2002,Equatorial Guinea,GNQ,..,..,..,..,..
2002,Eritrea,ERI,..,..,..,..,..
2002,Ethiopia,ETH,..,..,..,..,..
2002,Gabon,GAB,..,..,..,..,..
2002,"Gambia, The",GMB,..,..,..,..,..
2002,Ghana,GHA,..,..,..,..,..
2002,Guinea,GIN,20.9,49.4,5.8,9.8,14.1
2002,Guinea-Bissau,GNB,22,43.2,7.3,11.8,15.8
2002,Kenya,KEN,..,..,..,..,..
2002,Lesotho,LSO,21.3,55.4,3,7.5,12.8
2002,Liberia,LBR,..,..,..,..,..
2002,Madagascar,MDG,..,..,..,..,..
2002,Malawi,MWI,..,..,..,..,..
2002,Mauritius,MUS,..,..,..,..,..
2002,Mauritania,MRT,..,..,..,..,..
2002,Mali,MLI,..,..,..,..,..
2002,Mozambique,MOZ,18.7,53.5,5.4,9.3,13
2002,Namibia,NAM,..,..,..,..,..
2002,Niger,NER,..,..,..,..,..
2002,Nigeria,NGA,..,..,..,..,..
2002,Rwanda,RWA,..,..,..,..,..
2002,Sao Tome and Principe,STP,..,..,..,..,..
2002,Senegal,SEN,..,..,..,..,..
2002,Seychelles,SYC,..,..,..,..,..
2002,Sierra Leone,SLE,..,..,..,..,..
2002,Somalia,SOM,..,..,..,..,..
2002,South Africa,ZAF,..,..,..,..,..
2002,South Sudan,SSD,..,..,..,..,..
2002,Swaziland,SWZ,..,..,..,..,..
2002,Tanzania,TZA,..,..,..,..,..
2002,Togo,TGO,..,..,..,..,..
2002,Uganda,UGA,19.1,52.1,5.9,9.6,13.3
2002,Zambia,ZMB,20.6,48.8,6.1,10.2,14.2
2002,Zimbabwe,ZWE,..,..,..,..,..
2003,Angola,AGO,..,..,..,..,..
2003,Benin,BEN,20.9,46.2,7,10.9,15
2003,Botswana,BWA,..,..,..,..,..
2003,Burkina Faso,BFA,20.9,49.8,5.8,9.6,13.9
2003,Burundi,BDI,..,..,..,..,..
2003,Cameroon,CMR,..,..,..,..,..
2003,Central African Republic,CAF,21.8,49.4,5.2,9.4,14.2
2003,Chad,TCD,21.9,46.5,6.3,10.4,14.9
2003,Comoros,COM,..,..,..,..,..
2003,"Congo, Dem. Rep.",COD,..,..,..,..,..
2003,Cote d'Ivoire,CIV,..,..,..,..,..
2003,Djibouti,DJI,..,..,..,..,..
2003,Equatorial Guinea,GNQ,..,..,..,..,..
2003,Eritrea,ERI,..,..,..,..,..
2003,Ethiopia,ETH,..,..,..,..,..
2003,Gabon,GAB,..,..,..,..,..
2003,"Gambia, The",GMB,20.7,52.8,4.8,8.7,13
2003,Ghana,GHA,..,..,..,..,..
2003,Guinea,GIN,..,..,..,..,..
2003,Guinea-Bissau,GNB,..,..,..,..,..
2003,Kenya,KEN,..,..,..,..,..
2003,Lesotho,LSO,..,..,..,..,..
2003,Liberia,LBR,..,..,..,..,..
2003,Madagascar,MDG,..,..,..,..,..
2003,Malawi,MWI,..,..,..,..,..
2003,Mauritius,MUS,..,..,..,..,..
2003,Mauritania,MRT,..,..,..,..,..
2003,Mali,MLI,..,..,..,..,..
2003,Mozambique,MOZ,..,..,..,..,..
2003,Namibia,NAM,14.5,69,3,5.3,8.1
2003,Niger,NER,..,..,..,..,..
2003,Nigeria,NGA,22.5,46,5.7,10.4,15.4
2003,Rwanda,RWA,..,..,..,..,..
2003,Sao Tome and Principe,STP,..,..,..,..,..
2003,Senegal,SEN,..,..,..,..,..
2003,Seychelles,SYC,..,..,..,..,..
2003,Sierra Leone,SLE,20.7,47.8,6.6,10.4,14.4
2003,Somalia,SOM,..,..,..,..,..
2003,South Africa,ZAF,..,..,..,..,..
2003,South Sudan,SSD,..,..,..,..,..
2003,Swaziland,SWZ,..,..,..,..,..
2003,Tanzania,TZA,..,..,..,..,..
2003,Togo,TGO,..,..,..,..,..
2003,Uganda,UGA,..,..,..,..,..
2003,Zambia,ZMB,..,..,..,..,..
2003,Zimbabwe,ZWE,..,..,..,..,..
2004,Angola,AGO,..,..,..,..,..
2004,Benin,BEN,..,..,..,..,..
2004,Botswana,BWA,..,..,..,..,..
2004,Burkina Faso,BFA,..,..,..,..,..
2004,Burundi,BDI,..,..,..,..,..
2004,Cameroon,CMR,..,..,..,..,..
2004,Central African Republic,CAF,..,..,..,..,..
2004,Chad,TCD,..,..,..,..,..
2004,Comoros,COM,16.6,61.4,4,7.3,10.8
2004,"Congo, Dem. Rep.",COD,21.6,48.5,5.7,9.9,14.3
2004,Cote d'Ivoire,CIV,..,..,..,..,..
2004,Djibouti,DJI,..,..,..,..,..
2004,Equatorial Guinea,GNQ,..,..,..,..,..
2004,Eritrea,ERI,..,..,..,..,..
2004,Ethiopia,ETH,21.4,39.3,9.4,13.1,16.9
2004,Gabon,GAB,..,..,..,..,..
2004,"Gambia, The",GMB,..,..,..,..,..
2004,Ghana,GHA,..,..,..,..,..
2004,Guinea,GIN,..,..,..,..,..
2004,Guinea-Bissau,GNB,..,..,..,..,..
2004,Kenya,KEN,..,..,..,..,..
2004,Lesotho,LSO,..,..,..,..,..
2004,Liberia,LBR,..,..,..,..,..
2004,Madagascar,MDG,..,..,..,..,..
2004,Malawi,MWI,20.3,47.5,6.9,10.7,14.5
2004,Mauritius,MUS,..,..,..,..,..
2004,Mauritania,MRT,20.6,47.4,6.6,10.7,14.7
2004,Mali,MLI,..,..,..,..,..
2004,Mozambique,MOZ,..,..,..,..,..
2004,Namibia,NAM,..,..,..,..,..
2004,Niger,NER,..,..,..,..,..
2004,Nigeria,NGA,..,..,..,..,..
2004,Rwanda,RWA,..,..,..,..,..
2004,Sao Tome and Principe,STP,..,..,..,..,..
2004,Senegal,SEN,..,..,..,..,..
2004,Seychelles,SYC,..,..,..,..,..
2004,Sierra Leone,SLE,..,..,..,..,..
2004,Somalia,SOM,..,..,..,..,..
2004,South Africa,ZAF,..,..,..,..,..
2004,South Sudan,SSD,..,..,..,..,..
2004,Swaziland,SWZ,..,..,..,..,..
2004,Tanzania,TZA,..,..,..,..,..
2004,Togo,TGO,..,..,..,..,..
2004,Uganda,UGA,..,..,..,..,..
2004,Zambia,ZMB,19.4,59,3.5,6.9,11.2
2004,Zimbabwe,ZWE,..,..,..,..,..
2005,Angola,AGO,..,..,..,..,..
2005,Benin,BEN,..,..,..,..,..
2005,Botswana,BWA,..,..,..,..,..
2005,Burkina Faso,BFA,..,..,..,..,..
2005,Burundi,BDI,..,..,..,..,..
2005,Cameroon,CMR,..,..,..,..,..
2005,Central African Republic,CAF,..,..,..,..,..
2005,Chad,TCD,..,..,..,..,..
2005,Comoros,COM,..,..,..,..,..
2005,"Congo, Dem. Rep.",COD,..,..,..,..,..
2005,Cote d'Ivoire,CIV,..,..,..,..,..
2005,Djibouti,DJI,..,..,..,..,..
2005,Equatorial Guinea,GNQ,..,..,..,..,..
2005,Eritrea,ERI,..,..,..,..,..
2005,Ethiopia,ETH,..,..,..,..,..
2005,Gabon,GAB,21.1,48.7,5.8,10.1,14.4
2005,"Gambia, The",GMB,..,..,..,..,..
2005,Ghana,GHA,21.6,48.6,5.2,9.9,14.6
2005,Guinea,GIN,..,..,..,..,..
2005,Guinea-Bissau,GNB,..,..,..,..,..
2005,Kenya,KEN,19.7,54.1,4.7,8.6,12.8
2005,Lesotho,LSO,..,..,..,..,..
2005,Liberia,LBR,..,..,..,..,..
2005,Madagascar,MDG,20.5,47.5,6.7,10.8,14.6
2005,Malawi,MWI,..,..,..,..,..
2005,Mauritius,MUS,..,..,..,..,..
2005,Mauritania,MRT,..,..,..,..,..
2005,Mali,MLI,..,..,..,..,..
2005,Mozambique,MOZ,..,..,..,..,..
2005,Namibia,NAM,..,..,..,..,..
2005,Niger,NER,19.8,51,5.8,9.7,13.7
2005,Nigeria,NGA,..,..,..,..,..
2005,Rwanda,RWA,17.6,58,4.5,8.1,11.7
2005,Sao Tome and Principe,STP,..,..,..,..,..
2005,Senegal,SEN,22.1,45.8,6.2,10.7,15.2
2005,Seychelles,SYC,..,..,..,..,..
2005,Sierra Leone,SLE,..,..,..,..,..
2005,Somalia,SOM,..,..,..,..,..
2005,South Africa,ZAF,..,..,..,..,..
2005,South Sudan,SSD,..,..,..,..,..
2005,Swaziland,SWZ,..,..,..,..,..
2005,Tanzania,TZA,..,..,..,..,..
2005,Togo,TGO,..,..,..,..,..
2005,Uganda,UGA,20.4,49.8,6.1,9.9,13.8
2005,Zambia,ZMB,..,..,..,..,..
2005,Zimbabwe,ZWE,..,..,..,..,..
2006,Angola,AGO,..,..,..,..,..
2006,Benin,BEN,..,..,..,..,..
2006,Botswana,BWA,..,..,..,..,..
2006,Burkina Faso,BFA,..,..,..,..,..
2006,Burundi,BDI,21,42.9,8.9,11.9,15.3
2006,Cameroon,CMR,..,..,..,..,..
2006,Central African Republic,CAF,..,..,..,..,..
2006,Chad,TCD,..,..,..,..,..
2006,Comoros,COM,..,..,..,..,..
2006,"Congo, Dem. Rep.",COD,..,..,..,..,..
2006,Cote d'Ivoire,CIV,..,..,..,..,..
2006,Djibouti,DJI,..,..,..,..,..
2006,Equatorial Guinea,GNQ,..,..,..,..,..
2006,Eritrea,ERI,..,..,..,..,..
2006,Ethiopia,ETH,..,..,..,..,..
2006,Gabon,GAB,..,..,..,..,..
2006,"Gambia, The",GMB,..,..,..,..,..
2006,Ghana,GHA,..,..,..,..,..
2006,Guinea,GIN,..,..,..,..,..
2006,Guinea-Bissau,GNB,..,..,..,..,..
2006,Kenya,KEN,..,..,..,..,..
2006,Lesotho,LSO,..,..,..,..,..
2006,Liberia,LBR,..,..,..,..,..
2006,Madagascar,MDG,..,..,..,..,..
2006,Malawi,MWI,..,..,..,..,..
2006,Mauritius,MUS,21.4,43.8,7.6,11.7,15.6
2006,Mauritania,MRT,..,..,..,..,..
2006,Mali,MLI,21.6,46.1,6.4,10.9,14.9
2006,Mozambique,MOZ,..,..,..,..,..
2006,Namibia,NAM,..,..,..,..,..
2006,Niger,NER,..,..,..,..,..
2006,Nigeria,NGA,..,..,..,..,..
2006,Rwanda,RWA,..,..,..,..,..
2006,Sao Tome and Principe,STP,..,..,..,..,..
2006,Senegal,SEN,..,..,..,..,..
2006,Seychelles,SYC,..,..,..,..,..
2006,Sierra Leone,SLE,..,..,..,..,..
2006,Somalia,SOM,..,..,..,..,..
2006,South Africa,ZAF,14.2,71.1,2.6,4.7,7.5
2006,South Sudan,SSD,..,..,..,..,..
2006,Swaziland,SWZ,..,..,..,..,..
2006,Tanzania,TZA,..,..,..,..,..
2006,Togo,TGO,21.1,49.1,6.1,9.7,13.9
2006,Uganda,UGA,..,..,..,..,..
2006,Zambia,ZMB,19.1,59.5,3.5,6.8,11.1
2006,Zimbabwe,ZWE,..,..,..,..,..
2007,Angola,AGO,..,..,..,..,..
2007,Benin,BEN,..,..,..,..,..
2007,Botswana,BWA,..,..,..,..,..
2007,Burkina Faso,BFA,..,..,..,..,..
2007,Burundi,BDI,..,..,..,..,..
2007,Cameroon,CMR,21.5,49.1,5.8,9.5,14
2007,Central African Republic,CAF,..,..,..,..,..
2007,Chad,TCD,..,..,..,..,..
2007,Comoros,COM,..,..,..,..,..
2007,"Congo, Dem. Rep.",COD,..,..,..,..,..
2007,Cote d'Ivoire,CIV,..,..,..,..,..
2007,Djibouti,DJI,..,..,..,..,..
2007,Equatorial Guinea,GNQ,..,..,..,..,..
2007,Eritrea,ERI,..,..,..,..,..
2007,Ethiopia,ETH,..,..,..,..,..
2007,Gabon,GAB,..,..,..,..,..
2007,"Gambia, The",GMB,..,..,..,..,..
2007,Ghana,GHA,..,..,..,..,..
2007,Guinea,GIN,22,46.3,6.3,10.7,14.8
2007,Guinea-Bissau,GNB,..,..,..,..,..
2007,Kenya,KEN,..,..,..,..,..
2007,Lesotho,LSO,..,..,..,..,..
2007,Liberia,LBR,22.1,43.5,6.5,11.8,16.2
2007,Madagascar,MDG,..,..,..,..,..
2007,Malawi,MWI,..,..,..,..,..
2007,Mauritius,MUS,..,..,..,..,..
2007,Mauritania,MRT,..,..,..,..,..
2007,Mali,MLI,..,..,..,..,..
2007,Mozambique,MOZ,..,..,..,..,..
2007,Namibia,NAM,..,..,..,..,..
2007,Niger,NER,20.4,45.7,7.7,11.4,14.8
2007,Nigeria,NGA,..,..,..,..,..
2007,Rwanda,RWA,..,..,..,..,..
2007,Sao Tome and Principe,STP,..,..,..,..,..
2007,Senegal,SEN,..,..,..,..,..
2007,Seychelles,SYC,..,..,..,..,..
2007,Sierra Leone,SLE,..,..,..,..,..
2007,Somalia,SOM,..,..,..,..,..
2007,South Africa,ZAF,..,..,..,..,..
2007,South Sudan,SSD,..,..,..,..,..
2007,Swaziland,SWZ,..,..,..,..,..
2007,Tanzania,TZA,21.1,47.2,6.3,10.6,14.7
2007,Togo,TGO,..,..,..,..,..
2007,Uganda,UGA,..,..,..,..,..
2007,Zambia,ZMB,..,..,..,..,..
2007,Zimbabwe,ZWE,..,..,..,..,..
2008,Angola,AGO,21.9,48.5,5.4,9.6,14.5
2008,Benin,BEN,..,..,..,..,..
2008,Botswana,BWA,..,..,..,..,..
2008,Burkina Faso,BFA,..,..,..,..,..
2008,Burundi,BDI,..,..,..,..,..
2008,Cameroon,CMR,..,..,..,..,..
2008,Central African Republic,CAF,17.7,60.8,3.3,7,11.1
2008,Chad,TCD,..,..,..,..,..
2008,Comoros,COM,..,..,..,..,..
2008,"Congo, Dem. Rep.",COD,..,..,..,..,..
2008,Cote d'Ivoire,CIV,21.7,49,5.1,9.8,14.3
2008,Djibouti,DJI,..,..,..,..,..
2008,Equatorial Guinea,GNQ,..,..,..,..,..
2008,Eritrea,ERI,..,..,..,..,..
2008,Ethiopia,ETH,..,..,..,..,..
2008,Gabon,GAB,..,..,..,..,..
2008,"Gambia, The",GMB,..,..,..,..,..
2008,Ghana,GHA,..,..,..,..,..
2008,Guinea,GIN,..,..,..,..,..
2008,Guinea-Bissau,GNB,..,..,..,..,..
2008,Kenya,KEN,..,..,..,..,..
2008,Lesotho,LSO,..,..,..,..,..
2008,Liberia,LBR,..,..,..,..,..
2008,Madagascar,MDG,..,..,..,..,..
2008,Malawi,MWI,..,..,..,..,..
2008,Mauritius,MUS,..,..,..,..,..
2008,Mauritania,MRT,23.4,42.4,6.7,11.3,16.3
2008,Mali,MLI,..,..,..,..,..
2008,Mozambique,MOZ,20.1,51.4,5.2,9.5,13.7
2008,Namibia,NAM,..,..,..,..,..
2008,Niger,NER,..,..,..,..,..
2008,Nigeria,NGA,..,..,..,..,..
2008,Rwanda,RWA,..,..,..,..,..
2008,Sao Tome and Principe,STP,..,..,..,..,..
2008,Senegal,SEN,..,..,..,..,..
2008,Seychelles,SYC,..,..,..,..,..
2008,Sierra Leone,SLE,..,..,..,..,..
2008,Somalia,SOM,..,..,..,..,..
2008,South Africa,ZAF,15.8,68.7,2.6,4.9,8.1
2008,South Sudan,SSD,..,..,..,..,..
2008,Swaziland,SWZ,..,..,..,..,..
2008,Tanzania,TZA,..,..,..,..,..
2008,Togo,TGO,..,..,..,..,..
2008,Uganda,UGA,..,..,..,..,..
2008,Zambia,ZMB,..,..,..,..,..
2008,Zimbabwe,ZWE,..,..,..,..,..
2009,Angola,AGO,..,..,..,..,..
2009,Benin,BEN,..,..,..,..,..
2009,Botswana,BWA,16.9,65,2.8,5.7,9.5
2009,Burkina Faso,BFA,20.9,47.1,6.7,10.7,14.7
2009,Burundi,BDI,..,..,..,..,..
2009,Cameroon,CMR,..,..,..,..,..
2009,Central African Republic,CAF,..,..,..,..,..
2009,Chad,TCD,..,..,..,..,..
2009,Comoros,COM,..,..,..,..,..
2009,"Congo, Dem. Rep.",COD,..,..,..,..,..
2009,Cote d'Ivoire,CIV,..,..,..,..,..
2009,Djibouti,DJI,..,..,..,..,..
2009,Equatorial Guinea,GNQ,..,..,..,..,..
2009,Eritrea,ERI,..,..,..,..,..
2009,Ethiopia,ETH,..,..,..,..,..
2009,Gabon,GAB,..,..,..,..,..
2009,"Gambia, The",GMB,..,..,..,..,..
2009,Ghana,GHA,..,..,..,..,..
2009,Guinea,GIN,..,..,..,..,..
2009,Guinea-Bissau,GNB,..,..,..,..,..
2009,Kenya,KEN,..,..,..,..,..
2009,Lesotho,LSO,..,..,..,..,..
2009,Liberia,LBR,..,..,..,..,..
2009,Madagascar,MDG,..,..,..,..,..
2009,Malawi,MWI,..,..,..,..,..
2009,Mauritius,MUS,..,..,..,..,..
2009,Mauritania,MRT,..,..,..,..,..
2009,Mali,MLI,22.5,41.3,8,12.1,16.2
2009,Mozambique,MOZ,..,..,..,..,..
2009,Namibia,NAM,15.7,66.4,3.3,5.7,8.9
2009,Niger,NER,..,..,..,..,..
2009,Nigeria,NGA,21.6,49,5.4,9.7,14.4
2009,Rwanda,RWA,..,..,..,..,..
2009,Sao Tome and Principe,STP,..,..,..,..,..
2009,Senegal,SEN,..,..,..,..,..
2009,Seychelles,SYC,..,..,..,..,..
2009,Sierra Leone,SLE,..,..,..,..,..
2009,Somalia,SOM,..,..,..,..,..
2009,South Africa,ZAF,..,..,..,..,..
2009,South Sudan,SSD,22.8,50.6,3.9,8.6,14.2
2009,Swaziland,SWZ,19.9,56.7,4,7.5,11.8
2009,Tanzania,TZA,..,..,..,..,..
2009,Togo,TGO,..,..,..,..,..
2009,Uganda,UGA,19.6,51.2,5.9,9.8,13.5
2009,Zambia,ZMB,..,..,..,..,..
2009,Zimbabwe,ZWE,..,..,..,..,..
2010,Angola,AGO,..,..,..,..,..
2010,Benin,BEN,..,..,..,..,..
2010,Botswana,BWA,..,..,..,..,..
2010,Burkina Faso,BFA,..,..,..,..,..
2010,Burundi,BDI,..,..,..,..,..
2010,Cameroon,CMR,..,..,..,..,..
2010,Central African Republic,CAF,..,..,..,..,..
2010,Chad,TCD,..,..,..,..,..
2010,Comoros,COM,..,..,..,..,..
2010,"Congo, Dem. Rep.",COD,..,..,..,..,..
2010,Cote d'Ivoire,CIV,..,..,..,..,..
2010,Djibouti,DJI,..,..,..,..,..
2010,Equatorial Guinea,GNQ,..,..,..,..,..
2010,Eritrea,ERI,..,..,..,..,..
2010,Ethiopia,ETH,21.3,41.7,8,12.6,16.3
2010,Gabon,GAB,..,..,..,..,..
2010,"Gambia, The",GMB,..,..,..,..,..
2010,Ghana,GHA,..,..,..,..,..
2010,Guinea,GIN,..,..,..,..,..
2010,Guinea-Bissau,GNB,18.3,56.7,4.5,8.3,12.2
2010,Kenya,KEN,..,..,..,..,..
2010,Lesotho,LSO,20.3,58.2,2.8,6.8,11.9
2010,Liberia,LBR,..,..,..,..,..
2010,Madagascar,MDG,20.1,49.5,6.1,10.2,14.1
2010,Malawi,MWI,19.8,52.4,5.4,9.2,13.3
2010,Mauritius,MUS,..,..,..,..,..
2010,Mauritania,MRT,..,..,..,..,..
2010,Mali,MLI,..,..,..,..,..
2010,Mozambique,MOZ,..,..,..,..,..
2010,Namibia,NAM,..,..,..,..,..
2010,Niger,NER,..,..,..,..,..
2010,Nigeria,NGA,..,..,..,..,..
2010,Rwanda,RWA,17,58,5.1,8.3,11.6
2010,Sao Tome and Principe,STP,22.6,39.5,8.4,12.7,16.8
2010,Senegal,SEN,..,..,..,..,..
2010,Seychelles,SYC,..,..,..,..,..
2010,Sierra Leone,SLE,..,..,..,..,..
2010,Somalia,SOM,..,..,..,..,..
2010,South Africa,ZAF,..,..,..,..,..
2010,South Sudan,SSD,..,..,..,..,..
2010,Swaziland,SWZ,..,..,..,..,..
2010,Tanzania,TZA,..,..,..,..,..
2010,Togo,TGO,..,..,..,..,..
2010,Uganda,UGA,..,..,..,..,..
2010,Zambia,ZMB,17.9,61,3.8,6.8,10.5
2010,Zimbabwe,ZWE,..,..,..,..,..
2011,Angola,AGO,..,..,..,..,..
2011,Benin,BEN,20.2,50.7,6.1,9.6,13.4
2011,Botswana,BWA,..,..,..,..,..
2011,Burkina Faso,BFA,..,..,..,..,..
2011,Burundi,BDI,..,..,..,..,..
2011,Cameroon,CMR,..,..,..,..,..
2011,Central African Republic,CAF,..,..,..,..,..
2011,Chad,TCD,21.8,48.8,4.9,9.7,14.8
2011,Comoros,COM,..,..,..,..,..
2011,"Congo, Dem. Rep.",COD,..,..,..,..,..
2011,Cote d'Ivoire,CIV,..,..,..,..,..
2011,Djibouti,DJI,..,..,..,..,..
2011,Equatorial Guinea,GNQ,..,..,..,..,..
2011,Eritrea,ERI,..,..,..,..,..
2011,Ethiopia,ETH,..,..,..,..,..
2011,Gabon,GAB,..,..,..,..,..
2011,"Gambia, The",GMB,..,..,..,..,..
2011,Ghana,GHA,..,..,..,..,..
2011,Guinea,GIN,..,..,..,..,..
2011,Guinea-Bissau,GNB,..,..,..,..,..
2011,Kenya,KEN,..,..,..,..,..
2011,Lesotho,LSO,..,..,..,..,..
2011,Liberia,LBR,..,..,..,..,..
2011,Madagascar,MDG,..,..,..,..,..
2011,Malawi,MWI,..,..,..,..,..
2011,Mauritius,MUS,..,..,..,..,..
2011,Mauritania,MRT,..,..,..,..,..
2011,Mali,MLI,..,..,..,..,..
2011,Mozambique,MOZ,..,..,..,..,..
2011,Namibia,NAM,..,..,..,..,..
2011,Niger,NER,21.4,40.8,8.9,12.7,16.2
2011,Nigeria,NGA,..,..,..,..,..
2011,Rwanda,RWA,..,..,..,..,..
2011,Sao Tome and Principe,STP,..,..,..,..,..
2011,Senegal,SEN,21.7,46.9,6.1,10.4,15
2011,Seychelles,SYC,..,..,..,..,..
2011,Sierra Leone,SLE,21.9,42.4,7.9,11.9,15.8
2011,Somalia,SOM,..,..,..,..,..
2011,South Africa,ZAF,15.9,68.9,2.5,4.7,8
2011,South Sudan,SSD,..,..,..,..,..
2011,Swaziland,SWZ,..,..,..,..,..
2011,Tanzania,TZA,20.7,45.8,7.4,11.1,14.9
2011,Togo,TGO,21.5,51.6,4.8,8.7,13.4
2011,Uganda,UGA,..,..,..,..,..
2011,Zambia,ZMB,..,..,..,..,..
2011,Zimbabwe,ZWE,21,49.7,5.8,9.5,14
2012,Angola,AGO,..,..,..,..,..
2012,Benin,BEN,..,..,..,..,..
2012,Botswana,BWA,..,..,..,..,..
2012,Burkina Faso,BFA,..,..,..,..,..
2012,Burundi,BDI,..,..,..,..,..
2012,Cameroon,CMR,..,..,..,..,..
2012,Central African Republic,CAF,..,..,..,..,..
2012,Chad,TCD,..,..,..,..,..
2012,Comoros,COM,..,..,..,..,..
2012,"Congo, Dem. Rep.",COD,21.6,48.4,5.5,10,14.5
2012,Cote d'Ivoire,CIV,..,..,..,..,..
2012,Djibouti,DJI,21.2,50.3,4.3,9.8,14.4
2012,Equatorial Guinea,GNQ,..,..,..,..,..
2012,Eritrea,ERI,..,..,..,..,..
2012,Ethiopia,ETH,..,..,..,..,..
2012,Gabon,GAB,..,..,..,..,..
2012,"Gambia, The",GMB,..,..,..,..,..
2012,Ghana,GHA,22,48.2,5.4,9.8,14.6
2012,Guinea,GIN,22.4,41.5,7.6,12.2,16.4
2012,Guinea-Bissau,GNB,..,..,..,..,..
2012,Kenya,KEN,..,..,..,..,..
2012,Lesotho,LSO,..,..,..,..,..
2012,Liberia,LBR,..,..,..,..,..
2012,Madagascar,MDG,20.7,49.4,5.7,10,14.1
2012,Malawi,MWI,..,..,..,..,..
2012,Mauritius,MUS,21.2,43.9,7.4,11.8,15.7
2012,Mauritania,MRT,..,..,..,..,..
2012,Mali,MLI,..,..,..,..,..
2012,Mozambique,MOZ,..,..,..,..,..
2012,Namibia,NAM,..,..,..,..,..
2012,Niger,NER,..,..,..,..,..
2012,Nigeria,NGA,..,..,..,..,..
2012,Rwanda,RWA,..,..,..,..,..
2012,Sao Tome and Principe,STP,..,..,..,..,..
2012,Senegal,SEN,..,..,..,..,..
2012,Seychelles,SYC,..,..,..,..,..
2012,Sierra Leone,SLE,..,..,..,..,..
2012,Somalia,SOM,..,..,..,..,..
2012,South Africa,ZAF,..,..,..,..,..
2012,South Sudan,SSD,..,..,..,..,..
2012,Swaziland,SWZ,..,..,..,..,..
2012,Tanzania,TZA,..,..,..,..,..
2012,Togo,TGO,..,..,..,..,..
2012,Uganda,UGA,20.6,48.3,6.4,10.4,14.3
2012,Zambia,ZMB,..,..,..,..,..
2012,Zimbabwe,ZWE,..,..,..,..,..
2013,Angola,AGO,..,..,..,..,..
2013,Benin,BEN,..,..,..,..,..
2013,Botswana,BWA,..,..,..,..,..
2013,Burkina Faso,BFA,..,..,..,..,..
2013,Burundi,BDI,20.9,46.7,6.6,10.9,14.9
2013,Cameroon,CMR,..,..,..,..,..
2013,Central African Republic,CAF,..,..,..,..,..
2013,Chad,TCD,..,..,..,..,..
2013,Comoros,COM,22.1,50.1,4.5,9.3,14
2013,"Congo, Dem. Rep.",COD,..,..,..,..,..
2013,Cote d'Ivoire,CIV,..,..,..,..,..
2013,Djibouti,DJI,20.9,50,4.9,9.7,14.6
2013,Equatorial Guinea,GNQ,..,..,..,..,..
2013,Eritrea,ERI,..,..,..,..,..
2013,Ethiopia,ETH,..,..,..,..,..
2013,Gabon,GAB,..,..,..,..,..
2013,"Gambia, The",GMB,..,..,..,..,..
2013,Ghana,GHA,..,..,..,..,..
2013,Guinea,GIN,..,..,..,..,..
2013,Guinea-Bissau,GNB,..,..,..,..,..
2013,Kenya,KEN,..,..,..,..,..
2013,Lesotho,LSO,..,..,..,..,..
2013,Liberia,LBR,..,..,..,..,..
2013,Madagascar,MDG,..,..,..,..,..
2013,Malawi,MWI,..,..,..,..,..
2013,Mauritius,MUS,..,..,..,..,..
2013,Mauritania,MRT,..,..,..,..,..
2013,Mali,MLI,..,..,..,..,..
2013,Mozambique,MOZ,..,..,..,..,..
2013,Namibia,NAM,..,..,..,..,..
2013,Niger,NER,..,..,..,..,..
2013,Nigeria,NGA,..,..,..,..,..
2013,Rwanda,RWA,17.5,57.1,5.2,8.4,11.8
2013,Sao Tome and Principe,STP,..,..,..,..,..
2013,Senegal,SEN,..,..,..,..,..
2013,Seychelles,SYC,18.4,53,5.4,9.8,13.3
2013,Sierra Leone,SLE,..,..,..,..,..
2013,Somalia,SOM,..,..,..,..,..
2013,South Africa,ZAF,..,..,..,..,..
2013,South Sudan,SSD,..,..,..,..,..
2013,Swaziland,SWZ,..,..,..,..,..
2013,Tanzania,TZA,..,..,..,..,..
2013,Togo,TGO,..,..,..,..,..
2013,Uganda,UGA,..,..,..,..,..
2013,Zambia,ZMB,..,..,..,..,..
2013,Zimbabwe,ZWE,..,..,..,..,..
2014,Angola,AGO,..,..,..,..,..
2014,Benin,BEN,..,..,..,..,..
2014,Botswana,BWA,..,..,..,..,..
2014,Burkina Faso,BFA,20.6,44.3,8.3,11.7,15.1
2014,Burundi,BDI,..,..,..,..,..
2014,Cameroon,CMR,21.6,51.6,4.5,8.5,13.7
2014,Central African Republic,CAF,..,..,..,..,..
2014,Chad,TCD,..,..,..,..,..
2014,Comoros,COM,..,..,..,..,..
2014,"Congo, Dem. Rep.",COD,..,..,..,..,..
2014,Cote d'Ivoire,CIV,..,..,..,..,..
2014,Djibouti,DJI,..,..,..,..,..
2014,Equatorial Guinea,GNQ,..,..,..,..,..
2014,Eritrea,ERI,..,..,..,..,..
2014,Ethiopia,ETH,..,..,..,..,..
2014,Gabon,GAB,..,..,..,..,..
2014,"Gambia, The",GMB,..,..,..,..,..
2014,Ghana,GHA,..,..,..,..,..
2014,Guinea,GIN,..,..,..,..,..
2014,Guinea-Bissau,GNB,..,..,..,..,..
2014,Kenya,KEN,..,..,..,..,..
2014,Lesotho,LSO,..,..,..,..,..
2014,Liberia,LBR,22.3,41.3,7.8,12.1,16.5
2014,Madagascar,MDG,..,..,..,..,..
2014,Malawi,MWI,..,..,..,..,..
2014,Mauritius,MUS,..,..,..,..,..
2014,Mauritania,MRT,23.1,40,7.6,12.4,17
2014,Mali,MLI,..,..,..,..,..
2014,Mozambique,MOZ,..,..,..,..,..
2014,Namibia,NAM,..,..,..,..,..
2014,Niger,NER,22,42.2,7.8,11.9,16
2014,Nigeria,NGA,..,..,..,..,..
2014,Rwanda,RWA,..,..,..,..,..
2014,Sao Tome and Principe,STP,..,..,..,..,..
2014,Senegal,SEN,..,..,..,..,..
2014,Seychelles,SYC,..,..,..,..,..
2014,Sierra Leone,SLE,..,..,..,..,..
2014,Somalia,SOM,..,..,..,..,..
2014,South Africa,ZAF,..,..,..,..,..
2014,South Sudan,SSD,..,..,..,..,..
2014,Swaziland,SWZ,..,..,..,..,..
2014,Tanzania,TZA,..,..,..,..,..
2014,Togo,TGO,..,..,..,..,..
2014,Uganda,UGA,..,..,..,..,..
2014,Zambia,ZMB,..,..,..,..,..
2014,Zimbabwe,ZWE,..,..,..,..,..
2015,Angola,AGO,..,..,..,..,..
2015,Benin,BEN,20.8,52.1,3.2,9.6,14.1
2015,Botswana,BWA,..,..,..,..,..
2015,Burkina Faso,BFA,..,..,..,..,..
2015,Burundi,BDI,..,..,..,..,..
2015,Cameroon,CMR,..,..,..,..,..
2015,Central African Republic,CAF,..,..,..,..,..
2015,Chad,TCD,..,..,..,..,..
2015,Comoros,COM,..,..,..,..,..
2015,"Congo, Dem. Rep.",COD,..,..,..,..,..
2015,Cote d'Ivoire,CIV,21.6,48,5.7,10.2,14.6
2015,Djibouti,DJI,..,..,..,..,..
2015,Equatorial Guinea,GNQ,..,..,..,..,..
2015,Eritrea,ERI,..,..,..,..,..
2015,Ethiopia,ETH,..,..,..,..,..
2015,Gabon,GAB,..,..,..,..,..
2015,"Gambia, The",GMB,..,..,..,..,..
2015,Ghana,GHA,..,..,..,..,..
2015,Guinea,GIN,..,..,..,..,..
2015,Guinea-Bissau,GNB,..,..,..,..,..
2015,Kenya,KEN,..,..,..,..,..
2015,Lesotho,LSO,..,..,..,..,..
2015,Liberia,LBR,..,..,..,..,..
2015,Madagascar,MDG,..,..,..,..,..
2015,Malawi,MWI,..,..,..,..,..
2015,Mauritius,MUS,..,..,..,..,..
2015,Mauritania,MRT,..,..,..,..,..
2015,Mali,MLI,..,..,..,..,..
2015,Mozambique,MOZ,..,..,..,..,..
2015,Namibia,NAM,..,..,..,..,..
2015,Niger,NER,..,..,..,..,..
2015,Nigeria,NGA,..,..,..,..,..
2015,Rwanda,RWA,..,..,..,..,..
2015,Sao Tome and Principe,STP,..,..,..,..,..
2015,Senegal,SEN,..,..,..,..,..
2015,Seychelles,SYC,..,..,..,..,..
2015,Sierra Leone,SLE,..,..,..,..,..
2015,Somalia,SOM,..,..,..,..,..
2015,South Africa,ZAF,..,..,..,..,..
2015,South Sudan,SSD,..,..,..,..,..
2015,Swaziland,SWZ,..,..,..,..,..
2015,Tanzania,TZA,..,..,..,..,..
2015,Togo,TGO,22.4,48.6,5,9.5,14.4
2015,Uganda,UGA,..,..,..,..,..
2015,Zambia,ZMB,19.3,61.3,2.9,6,10.6
2015,Zimbabwe,ZWE,..,..,..,..,..
2016,Angola,AGO,..,..,..,..,..
2016,Benin,BEN,..,..,..,..,..
2016,Botswana,BWA,..,..,..,..,..
2016,Burkina Faso,BFA,..,..,..,..,..
2016,Burundi,BDI,..,..,..,..,..
2016,Cameroon,CMR,..,..,..,..,..
2016,Central African Republic,CAF,..,..,..,..,..
2016,Chad,TCD,..,..,..,..,..
2016,Comoros,COM,..,..,..,..,..
2016,"Congo, Dem. Rep.",COD,..,..,..,..,..
2016,Cote d'Ivoire,CIV,..,..,..,..,..
2016,Djibouti,DJI,..,..,..,..,..
2016,Equatorial Guinea,GNQ,..,..,..,..,..
2016,Eritrea,ERI,..,..,..,..,..
2016,Ethiopia,ETH,..,..,..,..,..
2016,Gabon,GAB,..,..,..,..,..
2016,"Gambia, The",GMB,..,..,..,..,..
2016,Ghana,GHA,..,..,..,..,..
2016,Guinea,GIN,..,..,..,..,..
2016,Guinea-Bissau,GNB,..,..,..,..,..
2016,Kenya,KEN,..,..,..,..,..
2016,Lesotho,LSO,..,..,..,..,..
2016,Liberia,LBR,..,..,..,..,..
2016,Madagascar,MDG,..,..,..,..,..
2016,Malawi,MWI,..,..,..,..,..
2016,Mauritius,MUS,..,..,..,..,..
2016,Mauritania,MRT,..,..,..,..,..
2016,Mali,MLI,..,..,..,..,..
2016,Mozambique,MOZ,..,..,..,..,..
2016,Namibia,NAM,..,..,..,..,..
2016,Niger,NER,..,..,..,..,..
2016,Nigeria,NGA,..,..,..,..,..
2016,Rwanda,RWA,..,..,..,..,..
2016,Sao Tome and Principe,STP,..,..,..,..,..
2016,Senegal,SEN,..,..,..,..,..
2016,Seychelles,SYC,..,..,..,..,..
2016,Sierra Leone,SLE,..,..,..,..,..
2016,Somalia,SOM,..,..,..,..,..
2016,South Africa,ZAF,..,..,..,..,..
2016,South Sudan,SSD,..,..,..,..,..
2016,Swaziland,SWZ,..,..,..,..,..
2016,Tanzania,TZA,..,..,..,..,..
2016,Togo,TGO,..,..,..,..,..
2016,Uganda,UGA,..,..,..,..,..
2016,Zambia,ZMB,..,..,..,..,..
2016,Zimbabwe,ZWE,..,..,..,..,..
2017,Angola,AGO,..,..,..,..,..
2017,Benin,BEN,..,..,..,..,..
2017,Botswana,BWA,..,..,..,..,..
2017,Burkina Faso,BFA,..,..,..,..,..
2017,Burundi,BDI,..,..,..,..,..
2017,Cameroon,CMR,..,..,..,..,..
2017,Central African Republic,CAF,..,..,..,..,..
2017,Chad,TCD,..,..,..,..,..
2017,Comoros,COM,..,..,..,..,..
2017,"Congo, Dem. Rep.",COD,..,..,..,..,..
2017,Cote d'Ivoire,CIV,..,..,..,..,..
2017,Djibouti,DJI,..,..,..,..,..
2017,Equatorial Guinea,GNQ,..,..,..,..,..
2017,Eritrea,ERI,..,..,..,..,..
2017,Ethiopia,ETH,..,..,..,..,..
2017,Gabon,GAB,..,..,..,..,..
2017,"Gambia, The",GMB,..,..,..,..,..
2017,Ghana,GHA,..,..,..,..,..
2017,Guinea,GIN,..,..,..,..,..
2017,Guinea-Bissau,GNB,..,..,..,..,..
2017,Kenya,KEN,..,..,..,..,..
2017,Lesotho,LSO,..,..,..,..,..
2017,Liberia,LBR,..,..,..,..,..
2017,Madagascar,MDG,..,..,..,..,..
2017,Malawi,MWI,..,..,..,..,..
2017,Mauritius,MUS,..,..,..,..,..
2017,Mauritania,MRT,..,..,..,..,..
2017,Mali,MLI,..,..,..,..,..
2017,Mozambique,MOZ,..,..,..,..,..
2017,Namibia,NAM,..,..,..,..,..
2017,Niger,NER,..,..,..,..,..
2017,Nigeria,NGA,..,..,..,..,..
2017,Rwanda,RWA,..,..,..,..,..
2017,Sao Tome and Principe,STP,..,..,..,..,..
2017,Senegal,SEN,..,..,..,..,..
2017,Seychelles,SYC,..,..,..,..,..
2017,Sierra Leone,SLE,..,..,..,..,..
2017,Somalia,SOM,..,..,..,..,..
2017,South Africa,ZAF,..,..,..,..,..
2017,South Sudan,SSD,..,..,..,..,..
2017,Swaziland,SWZ,..,..,..,..,..
2017,Tanzania,TZA,..,..,..,..,..
2017,Togo,TGO,..,..,..,..,..
2017,Uganda,UGA,..,..,..,..,..
2017,Zambia,ZMB,..,..,..,..,..
2017,Zimbabwe,ZWE,..,..,..,..,..